USE UPickFront;

-- Farm --

insert into UPick_farm (id, title, image_url, description, entrance_fee, phone, email, website, last_updated) values (1, 'Gibson LLC', 'https://images.pexels.com/photos/2437291/pexels-photo-2437291.jpeg?auto=compress&cs=tinysrgb&w=1260&h=750&dpr=1', 'Laceration of bronchus, unspecified, sequela', null, '(392) 7941398', 'cmacgee0@blog.com', 'https://taobao.com/eget/semper.json?amet=id&eleifend=ornare&pede=imperdiet&libero=sapien&quis=urna&orci=pretium&nullam=nisl&molestie=ut&nibh=volutpat&in=sapien&lectus=arcu&pellentesque=sed&at=augue&nulla=aliquam', '2022-11-30 03:22:30');
insert into UPick_farm (id, title, image_url, description, entrance_fee, phone, email, website, last_updated) values (2, 'Steuber, Hermann and Murphy', 'https://images.pexels.com/photos/5040722/pexels-photo-5040722.jpeg?auto=compress&cs=tinysrgb&w=1260&h=750&dpr=1', 'Pathological fracture, left toe(s), subs for fx w routn heal', null, '(236) 4049649', 'efedynski1@facebook.com', null, '2022-07-10 07:08:26');
insert into UPick_farm (id, title, image_url, description, entrance_fee, phone, email, website, last_updated) values (3, 'Glover Inc', 'https://images.pexels.com/photos/325944/pexels-photo-325944.jpeg?auto=compress&cs=tinysrgb&w=1260&h=750&dpr=1', 'Unspecified myringitis, left ear', null, '(977) 7029045', 'tandersen2@marriott.com', 'http://multiply.com/libero/quis/orci/nullam.xml?interdum=phasellus&mauris=sit&non=amet&ligula=erat&pellentesque=nulla&ultrices=tempus&phasellus=vivamus&id=in&sapien=felis&in=eu&sapien=sapien&iaculis=cursus&congue=vestibulum&vivamus=proin&metus=eu&arcu=mi&adipiscing=nulla&molestie=ac&hendrerit=enim&at=in&vulputate=tempor&vitae=turpis&nisl=nec&aenean=euismod&lectus=scelerisque&pellentesque=quam&eget=turpis&nunc=adipiscing&donec=lorem&quis=vitae&orci=mattis&eget=nibh&orci=ligula&vehicula=nec&condimentum=sem&curabitur=duis&in=aliquam&libero=convallis&ut=nunc&massa=proin&volutpat=at&convallis=turpis&morbi=a&odio=pede&odio=posuere&elementum=nonummy&eu=integer&interdum=non&eu=velit&tincidunt=donec&in=diam&leo=neque&maecenas=vestibulum&pulvinar=eget&lobortis=vulputate&est=ut&phasellus=ultrices&sit=vel&amet=augue', '2022-05-08 22:53:53');
insert into UPick_farm (id, title, image_url, description, entrance_fee, phone, email, website, last_updated) values (4, 'Steuber, Von and Koss', 'https://images.pexels.com/photos/5040722/pexels-photo-5040722.jpeg?auto=compress&cs=tinysrgb&w=1260&h=750&dpr=1', 'Fx unsp tarsal bone(s) of unsp ft, subs for fx w routn heal', null, '(638) 6733883', 'lflament3@blog.com', null, '2023-01-20 16:20:51');
insert into UPick_farm (id, title, image_url, description, entrance_fee, phone, email, website, last_updated) values (5, 'Dach, Kuphal and Will', 'https://images.pexels.com/photos/39351/purple-grapes-vineyard-napa-valley-napa-vineyard-39351.jpeg?auto=compress&cs=tinysrgb&w=1260&h=750&dpr=1', 'Nondisp osteochon fx r patella, 7thQ', null, '(560) 1960578', 'lcracknell4@chicagotribune.com', 'http://dot.gov/eros/elementum/pellentesque/quisque/porta/volutpat/erat.js?amet=sollicitudin&sapien=mi&dignissim=sit&vestibulum=amet&vestibulum=lobortis&ante=sapien&ipsum=sapien&primis=non&in=mi&faucibus=integer&orci=ac&luctus=neque&et=duis&ultrices=bibendum&posuere=morbi&cubilia=non&curae=quam&nulla=nec&dapibus=dui&dolor=luctus&vel=rutrum&est=nulla&donec=tellus&odio=in&justo=sagittis&sollicitudin=dui&ut=vel&suscipit=nisl&a=duis&feugiat=ac&et=nibh&eros=fusce&vestibulum=lacus&ac=purus&est=aliquet', '2023-04-16 00:46:40');
insert into UPick_farm (id, title, image_url, description, entrance_fee, phone, email, website, last_updated) values (6, 'Bahringer, Breitenberg and Luettgen', 'https://images.pexels.com/photos/5040722/pexels-photo-5040722.jpeg?auto=compress&cs=tinysrgb&w=1260&h=750&dpr=1', 'Occup of special agricultural vehicle injured nontraf, init', null, '(458) 9474249', 'dpadberry5@dagondesign.com', null, '2023-01-26 18:33:24');
insert into UPick_farm (id, title, image_url, description, entrance_fee, phone, email, website, last_updated) values (7, 'Stracke Inc', null, null, null, '(112) 6248683', 'wfarrar6@harvard.edu', null, '2022-07-22 23:05:34');
insert into UPick_farm (id, title, image_url, description, entrance_fee, phone, email, website, last_updated) values (8, 'Cormier, Collier and Anderson', 'https://images.pexels.com/photos/422218/pexels-photo-422218.jpeg?auto=compress&cs=tinysrgb&w=1260&h=750&dpr=1', 'Person inj wh brd/alit from special industr vehicle, init', null, '(184) 3902596', 'fbille7@1688.com', 'http://infoseek.co.jp/erat/fermentum/justo/nec/condimentum/neque.jsp?quam=parturient&pharetra=montes&magna=nascetur&ac=ridiculus&consequat=mus&metus=vivamus&sapien=vestibulum&ut=sagittis&nunc=sapien&vestibulum=cum&ante=sociis&ipsum=natoque&primis=penatibus&in=et&faucibus=magnis&orci=dis&luctus=parturient&et=montes&ultrices=nascetur&posuere=ridiculus&cubilia=mus&curae=etiam&mauris=vel&viverra=augue&diam=vestibulum&vitae=rutrum&quam=rutrum&suspendisse=neque&potenti=aenean&nullam=auctor&porttitor=gravida&lacus=sem&at=praesent&turpis=id&donec=massa&posuere=id&metus=nisl&vitae=venenatis', '2022-07-14 13:43:54');
insert into UPick_farm (id, title, image_url, description, entrance_fee, phone, email, website, last_updated) values (9, 'Gislason, Barton and Watsica', 'https://images.pexels.com/photos/51947/tuscany-grape-field-nature-51947.jpeg?auto=compress&cs=tinysrgb&w=1260&h=750&dpr=1', 'Burn unsp deg mult sites of left lower limb, ex ank/ft, init', null, '(596) 3998970', 'sdrewell8@biblegateway.com', null, '2022-10-27 10:23:34');
insert into UPick_farm (id, title, image_url, description, entrance_fee, phone, email, website, last_updated) values (10, 'McGlynn-Grant', 'https://images.pexels.com/photos/325944/pexels-photo-325944.jpeg?auto=compress&cs=tinysrgb&w=1260&h=750&dpr=1', 'Burn of third degree of buttock, sequela', null, '(273) 9080818', 'iwhitlaw9@ehow.com', null, '2023-05-07 05:17:25');
insert into UPick_farm (id, title, image_url, description, entrance_fee, phone, email, website, last_updated) values (11, 'Bergnaum Group', 'https://images.pexels.com/photos/235725/pexels-photo-235725.jpeg?auto=compress&cs=tinysrgb&w=1260&h=750&dpr=1', 'Nondisp commnt fx unsp patella, 7thF', null, '(376) 1889777', 'bvalentea@facebook.com', null, '2022-10-11 08:21:21');
insert into UPick_farm (id, title, image_url, description, entrance_fee, phone, email, website, last_updated) values (12, 'Becker, Windler and Leannon', 'https://images.pexels.com/photos/5040722/pexels-photo-5040722.jpeg?auto=compress&cs=tinysrgb&w=1260&h=750&dpr=1', 'Partial traumatic amputation of unspecified midfoot, sequela', null, '(189) 2560072', 'rlockieb@phoca.cz', null, '2022-07-05 09:41:58');
insert into UPick_farm (id, title, image_url, description, entrance_fee, phone, email, website, last_updated) values (13, 'Ward-Leuschke', 'https://images.pexels.com/photos/974314/pexels-photo-974314.jpeg?auto=compress&cs=tinysrgb&w=1260&h=750&dpr=1', 'Unsp fx shaft of humerus, unsp arm, subs for fx w malunion', null, '(900) 7971822', 'gdaccac@cbsnews.com', null, '2022-05-07 22:57:05');
insert into UPick_farm (id, title, image_url, description, entrance_fee, phone, email, website, last_updated) values (14, 'Leffler and Sons', 'https://images.pexels.com/photos/6348780/pexels-photo-6348780.jpeg?auto=compress&cs=tinysrgb&w=1260&h=750&dpr=1', 'Presence of left artificial shoulder joint', null, '(535) 6034529', 'plippid@usatoday.com', null, '2023-03-13 04:03:51');
insert into UPick_farm (id, title, image_url, description, entrance_fee, phone, email, website, last_updated) values (15, 'Mante-McKenzie', 'https://images.pexels.com/photos/1595104/pexels-photo-1595104.jpeg?auto=compress&cs=tinysrgb&w=1260&h=750&dpr=1', 'Stress fracture, left finger(s), sequela', null, '(632) 8299383', 'ekillforde@youtube.com', null, '2022-11-08 12:11:13');
insert into UPick_farm (id, title, image_url, description, entrance_fee, phone, email, website, last_updated) values (16, 'Tremblay, Mann and O''Keefe', 'https://images.pexels.com/photos/5040722/pexels-photo-5040722.jpeg?auto=compress&cs=tinysrgb&w=1260&h=750&dpr=1', 'Toxic effect of venom of oth Australian snake, assault, init', null, '(340) 1671594', 'fbradenf@cisco.com', null, '2022-11-28 12:21:13');
insert into UPick_farm (id, title, image_url, description, entrance_fee, phone, email, website, last_updated) values (17, 'Lehner, Corkery and Lueilwitz', 'https://images.pexels.com/photos/12387508/pexels-photo-12387508.jpeg?auto=compress&cs=tinysrgb&w=1260&h=750&dpr=1', 'Matern care for disproprtn of mix matern & fetl origin, oth', 78.46, '(905) 9073246', 'gmcgurkg@stumbleupon.com', null, '2022-12-17 02:30:35');
insert into UPick_farm (id, title, image_url, description, entrance_fee, phone, email, website, last_updated) values (18, 'O''Connell LLC', 'https://images.pexels.com/photos/974314/pexels-photo-974314.jpeg?auto=compress&cs=tinysrgb&w=1260&h=750&dpr=1', 'Inj unsp musc/fasc/tend at forearm level, unsp arm, subs', null, '(285) 8072339', 'rjankuh@is.gd', null, '2023-04-29 20:27:19');
insert into UPick_farm (id, title, image_url, description, entrance_fee, phone, email, website, last_updated) values (19, 'McKenzie and Sons', 'https://images.pexels.com/photos/39351/purple-grapes-vineyard-napa-valley-napa-vineyard-39351.jpeg?auto=compress&cs=tinysrgb&w=1260&h=750&dpr=1', 'Family history of malig neoplasm of trachea, bronc and lung', null, '(387) 2352289', 'agreiseri@tmall.com', null, '2023-02-11 17:03:53');
insert into UPick_farm (id, title, image_url, description, entrance_fee, phone, email, website, last_updated) values (20, 'Green-Pacocha', 'https://images.pexels.com/photos/2437291/pexels-photo-2437291.jpeg?auto=compress&cs=tinysrgb&w=1260&h=750&dpr=1', 'Pedl cyc driver inj in clsn w rail trn/veh nontraf, sequela', null, '(659) 9584480', 'stucknuttj@hatena.ne.jp', null, '2022-05-19 11:42:31');
insert into UPick_farm (id, title, image_url, description, entrance_fee, phone, email, website, last_updated) values (21, 'Dicki-Leannon', 'https://images.pexels.com/photos/325944/pexels-photo-325944.jpeg?auto=compress&cs=tinysrgb&w=1260&h=750&dpr=1', 'Nondisp pilon fx left tibia, init for opn fx type 3A/B/C', null, '(411) 6121256', 'claisek@java.com', 'https://soup.io/erat/curabitur/gravida/nisi.jpg?elementum=cursus&in=vestibulum&hac=proin&habitasse=eu&platea=mi&dictumst=nulla&morbi=ac&vestibulum=enim&velit=in&id=tempor&pretium=turpis&iaculis=nec&diam=euismod&erat=scelerisque&fermentum=quam&justo=turpis&nec=adipiscing&condimentum=lorem&neque=vitae', '2023-01-31 02:48:46');
insert into UPick_farm (id, title, image_url, description, entrance_fee, phone, email, website, last_updated) values (22, 'Lindgren and Sons', 'https://images.pexels.com/photos/51947/tuscany-grape-field-nature-51947.jpeg?auto=compress&cs=tinysrgb&w=1260&h=750&dpr=1', 'Open bite of unsp cheek and temporomandibular area, subs', null, '(654) 3960505', 'kaudusl@edublogs.org', null, '2022-05-22 14:26:54');
insert into UPick_farm (id, title, image_url, description, entrance_fee, phone, email, website, last_updated) values (23, 'Schultz-Nienow', null, null, null, '(319) 7021884', 'acharitym@ycombinator.com', null, '2023-03-11 16:40:47');
insert into UPick_farm (id, title, image_url, description, entrance_fee, phone, email, website, last_updated) values (24, 'Von Inc', 'https://images.pexels.com/photos/5040722/pexels-photo-5040722.jpeg?auto=compress&cs=tinysrgb&w=1260&h=750&dpr=1', 'Person outside bus inj in nonclsn trnsp acc in traf, init', null, '(994) 1876138', 'vrendern@cloudflare.com', null, '2022-11-04 02:00:18');
insert into UPick_farm (id, title, image_url, description, entrance_fee, phone, email, website, last_updated) values (25, 'Reichert LLC', 'https://images.pexels.com/photos/14776963/pexels-photo-14776963.jpeg?auto=compress&cs=tinysrgb&w=1260&h=750&dpr=1', 'Monteggia''s fx l ulna, subs for opn fx type I/2 w malunion', null, '(287) 6559332', 'caleksashino@yellowbook.com', null, '2023-04-27 07:45:56');
insert into UPick_farm (id, title, image_url, description, entrance_fee, phone, email, website, last_updated) values (26, 'Jones, Gleichner and Larson', null, null, null, '(681) 2489494', 'jdaniellotp@icq.com', null, '2022-12-16 06:57:07');
insert into UPick_farm (id, title, image_url, description, entrance_fee, phone, email, website, last_updated) values (27, 'Witting, Moen and Glover', 'https://images.pexels.com/photos/6348780/pexels-photo-6348780.jpeg?auto=compress&cs=tinysrgb&w=1260&h=750&dpr=1', 'Underdosing of oth vaccines and biological substances, init', null, '(828) 4780381', 'gregusq@smh.com.au', null, '2022-06-13 18:51:34');
insert into UPick_farm (id, title, image_url, description, entrance_fee, phone, email, website, last_updated) values (28, 'Fay-Abbott', 'https://images.pexels.com/photos/2437291/pexels-photo-2437291.jpeg?auto=compress&cs=tinysrgb&w=1260&h=750&dpr=1', 'Dermatopolymyositis, unsp, organ involvement unspecified', null, '(724) 8583597', 'gdelortr@wufoo.com', null, '2022-12-29 09:36:11');
insert into UPick_farm (id, title, image_url, description, entrance_fee, phone, email, website, last_updated) values (29, 'Bogan LLC', 'https://images.pexels.com/photos/14776963/pexels-photo-14776963.jpeg?auto=compress&cs=tinysrgb&w=1260&h=750&dpr=1', 'Nondisp fx of ant column of unsp acetab, 7thG', null, '(766) 2333949', 'mbarriballs@tinyurl.com', null, '2023-04-08 17:31:16');
insert into UPick_farm (id, title, image_url, description, entrance_fee, phone, email, website, last_updated) values (30, 'Bergstrom, Hoeger and Koelpin', 'https://images.pexels.com/photos/5040722/pexels-photo-5040722.jpeg?auto=compress&cs=tinysrgb&w=1260&h=750&dpr=1', 'Person outsd bus inj in clsn w rail trn/veh in traf, sequela', null, '(610) 9437591', 'ndanitt@mozilla.org', null, '2023-04-08 03:29:59');
insert into UPick_farm (id, title, image_url, description, entrance_fee, phone, email, website, last_updated) values (31, 'Bergnaum-Lang', 'https://images.pexels.com/photos/422218/pexels-photo-422218.jpeg?auto=compress&cs=tinysrgb&w=1260&h=750&dpr=1', 'Poisoning by local astringents/detergents, acc, sequela', null, '(181) 6524320', 'rbukowskiu@jiathis.com', null, '2023-02-18 00:05:18');
insert into UPick_farm (id, title, image_url, description, entrance_fee, phone, email, website, last_updated) values (32, 'Beahan, Lang and Pouros', null, null, null, '(407) 9221021', 'fheikkinenv@amazon.com', null, '2022-07-24 23:33:01');
insert into UPick_farm (id, title, image_url, description, entrance_fee, phone, email, website, last_updated) values (33, 'Koss Group', 'https://images.pexels.com/photos/235725/pexels-photo-235725.jpeg?auto=compress&cs=tinysrgb&w=1260&h=750&dpr=1', 'Toxic effect of soaps, undetermined, initial encounter', null, '(914) 4464376', 'tfesslerw@huffingtonpost.com', null, '2023-03-31 04:03:30');
insert into UPick_farm (id, title, image_url, description, entrance_fee, phone, email, website, last_updated) values (34, 'Kassulke-Ziemann', 'https://images.pexels.com/photos/5040722/pexels-photo-5040722.jpeg?auto=compress&cs=tinysrgb&w=1260&h=750&dpr=1', 'Oth nondisp fx of 3rd cervcal vert, subs for fx w routn heal', null, '(275) 6217829', 'ttoopex@huffingtonpost.com', null, '2023-01-12 05:12:23');
insert into UPick_farm (id, title, image_url, description, entrance_fee, phone, email, website, last_updated) values (35, 'Hauck and Sons', 'https://images.pexels.com/photos/6348780/pexels-photo-6348780.jpeg?auto=compress&cs=tinysrgb&w=1260&h=750&dpr=1', 'Greenstick fx shaft of unsp ulna, subs for fx w malunion', null, '(882) 2685904', 'aluttony@blog.com', null, '2022-05-27 07:23:00');
insert into UPick_farm (id, title, image_url, description, entrance_fee, phone, email, website, last_updated) values (36, 'White-Miller', 'https://images.pexels.com/photos/6348780/pexels-photo-6348780.jpeg?auto=compress&cs=tinysrgb&w=1260&h=750&dpr=1', 'Fissured, notched and cleft nose', null, '(349) 4654207', 'atarryz@creativecommons.org', 'http://icio.us/id.png?sem=justo&mauris=etiam&laoreet=pretium&ut=iaculis&rhoncus=justo&aliquet=in&pulvinar=hac&sed=habitasse&nisl=platea&nunc=dictumst&rhoncus=etiam&dui=faucibus&vel=cursus&sem=urna&sed=ut&sagittis=tellus&nam=nulla&congue=ut&risus=erat&semper=id&porta=mauris&volutpat=vulputate&quam=elementum&pede=nullam&lobortis=varius&ligula=nulla&sit=facilisi&amet=cras', '2023-02-12 12:12:57');
insert into UPick_farm (id, title, image_url, description, entrance_fee, phone, email, website, last_updated) values (37, 'Kemmer Inc', 'https://images.pexels.com/photos/51947/tuscany-grape-field-nature-51947.jpeg?auto=compress&cs=tinysrgb&w=1260&h=750&dpr=1', 'Subluxation and dislocation of T4/T5-T5/T6 thoracic vertebra', null, '(947) 6376042', 'eeckery10@ycombinator.com', 'https://icio.us/dictumst/morbi/vestibulum/velit.xml?non=aenean&velit=sit&donec=amet&diam=justo&neque=morbi&vestibulum=ut&eget=odio&vulputate=cras&ut=mi&ultrices=pede&vel=malesuada&augue=in&vestibulum=imperdiet&ante=et&ipsum=commodo&primis=vulputate&in=justo&faucibus=in&orci=blandit&luctus=ultrices&et=enim&ultrices=lorem&posuere=ipsum&cubilia=dolor&curae=sit&donec=amet&pharetra=consectetuer&magna=adipiscing&vestibulum=elit&aliquet=proin&ultrices=interdum&erat=mauris&tortor=non&sollicitudin=ligula&mi=pellentesque&sit=ultrices&amet=phasellus&lobortis=id&sapien=sapien&sapien=in&non=sapien&mi=iaculis&integer=congue&ac=vivamus&neque=metus&duis=arcu&bibendum=adipiscing&morbi=molestie&non=hendrerit&quam=at&nec=vulputate&dui=vitae&luctus=nisl&rutrum=aenean&nulla=lectus&tellus=pellentesque&in=eget&sagittis=nunc&dui=donec&vel=quis&nisl=orci&duis=eget&ac=orci&nibh=vehicula&fusce=condimentum&lacus=curabitur&purus=in&aliquet=libero&at=ut&feugiat=massa&non=volutpat&pretium=convallis&quis=morbi&lectus=odio', '2023-03-23 09:35:17');
insert into UPick_farm (id, title, image_url, description, entrance_fee, phone, email, website, last_updated) values (38, 'Bergnaum-Armstrong', 'https://images.pexels.com/photos/974314/pexels-photo-974314.jpeg?auto=compress&cs=tinysrgb&w=1260&h=750&dpr=1', 'Oth complications of surgical and medical care, NEC, sequela', null, '(496) 7100692', 'fgration11@bing.com', 'https://hostgator.com/libero/rutrum/ac/lobortis/vel/dapibus.jsp?est=proin&donec=at&odio=turpis&justo=a&sollicitudin=pede&ut=posuere&suscipit=nonummy&a=integer&feugiat=non&et=velit&eros=donec&vestibulum=diam&ac=neque&est=vestibulum&lacinia=eget&nisi=vulputate&venenatis=ut&tristique=ultrices&fusce=vel&congue=augue&diam=vestibulum&id=ante&ornare=ipsum&imperdiet=primis&sapien=in&urna=faucibus&pretium=orci&nisl=luctus&ut=et&volutpat=ultrices&sapien=posuere&arcu=cubilia&sed=curae&augue=donec&aliquam=pharetra&erat=magna&volutpat=vestibulum&in=aliquet&congue=ultrices&etiam=erat&justo=tortor&etiam=sollicitudin&pretium=mi&iaculis=sit&justo=amet&in=lobortis&hac=sapien&habitasse=sapien&platea=non&dictumst=mi&etiam=integer&faucibus=ac&cursus=neque&urna=duis&ut=bibendum&tellus=morbi&nulla=non&ut=quam&erat=nec&id=dui&mauris=luctus&vulputate=rutrum&elementum=nulla', '2023-01-21 20:36:12');
insert into UPick_farm (id, title, image_url, description, entrance_fee, phone, email, website, last_updated) values (39, 'Beier LLC', null, null, null, '(784) 9587764', 'gcapenor12@tumblr.com', 'https://squidoo.com/montes/nascetur/ridiculus/mus.jpg?dolor=at&morbi=turpis&vel=donec&lectus=posuere&in=metus&quam=vitae&fringilla=ipsum&rhoncus=aliquam&mauris=non&enim=mauris&leo=morbi&rhoncus=non&sed=lectus&vestibulum=aliquam&sit=sit&amet=amet&cursus=diam&id=in&turpis=magna&integer=bibendum&aliquet=imperdiet&massa=nullam&id=orci&lobortis=pede&convallis=venenatis&tortor=non&risus=sodales&dapibus=sed&augue=tincidunt&vel=eu&accumsan=felis&tellus=fusce&nisi=posuere&eu=felis&orci=sed&mauris=lacus&lacinia=morbi&sapien=sem&quis=mauris&libero=laoreet&nullam=ut&sit=rhoncus&amet=aliquet&turpis=pulvinar&elementum=sed&ligula=nisl&vehicula=nunc&consequat=rhoncus&morbi=dui&a=vel&ipsum=sem&integer=sed&a=sagittis&nibh=nam&in=congue&quis=risus&justo=semper&maecenas=porta&rhoncus=volutpat&aliquam=quam&lacus=pede&morbi=lobortis&quis=ligula&tortor=sit&id=amet&nulla=eleifend&ultrices=pede&aliquet=libero', '2023-04-18 05:53:43');
insert into UPick_farm (id, title, image_url, description, entrance_fee, phone, email, website, last_updated) values (40, 'Leannon LLC', 'https://images.pexels.com/photos/325944/pexels-photo-325944.jpeg?auto=compress&cs=tinysrgb&w=1260&h=750&dpr=1', 'Other displaced fracture of upper end of right humerus', null, '(681) 6257344', 'sbrunn13@paypal.com', null, '2023-03-22 00:06:23');
insert into UPick_farm (id, title, image_url, description, entrance_fee, phone, email, website, last_updated) values (41, 'Larson-Kshlerin', 'https://images.pexels.com/photos/2437291/pexels-photo-2437291.jpeg?auto=compress&cs=tinysrgb&w=1260&h=750&dpr=1', 'Poisn by slctv seroton/norepineph reup inhibtr, undet, init', null, '(202) 6610866', 'kbonehill14@sohu.com', null, '2023-04-21 19:46:06');
insert into UPick_farm (id, title, image_url, description, entrance_fee, phone, email, website, last_updated) values (42, 'Shanahan, Mueller and Bechtelar', 'https://images.pexels.com/photos/13693969/pexels-photo-13693969.jpeg?auto=compress&cs=tinysrgb&w=1260&h=750&dpr=1', 'Reiter''s disease, unspecified hand', null, '(192) 7338770', 'wcrosskill15@admin.ch', null, '2022-07-31 12:12:57');
insert into UPick_farm (id, title, image_url, description, entrance_fee, phone, email, website, last_updated) values (43, 'Torphy, Lockman and Bode', 'https://images.pexels.com/photos/13961372/pexels-photo-13961372.jpeg?auto=compress&cs=tinysrgb&w=1260&h=750&dpr=1', 'Passenger injured in collision w unsp mv in traf, init', null, '(452) 6262939', 'kjeffcock16@printfriendly.com', null, '2022-06-05 07:36:48');
insert into UPick_farm (id, title, image_url, description, entrance_fee, phone, email, website, last_updated) values (44, 'Howe Inc', 'https://images.pexels.com/photos/422218/pexels-photo-422218.jpeg?auto=compress&cs=tinysrgb&w=1260&h=750&dpr=1', 'Nondisp suprcndl fx w intrcndl extn low end r femr, 7thG', null, '(495) 2702966', 'rbrogi17@ibm.com', null, '2022-05-09 01:36:13');

-- Plant Categroy -- 

insert into UPick_plantcategory (id, name, last_updated) values (1, 'Fabaceae', '2022-06-17 00:58:29');
insert into UPick_plantcategory (id, name, last_updated) values (2, 'Asteraceae', '2022-06-05 15:25:56');
insert into UPick_plantcategory (id, name, last_updated) values (3, 'Orchidaceae', '2023-04-01 08:27:38');
insert into UPick_plantcategory (id, name, last_updated) values (4, 'Lycopodiaceae', '2022-07-30 17:49:03');
insert into UPick_plantcategory (id, name, last_updated) values (5, 'Polytrichaceae', '2022-10-27 08:34:39');
insert into UPick_plantcategory (id, name, last_updated) values (6, 'Liliaceae', '2023-01-29 17:49:17');
insert into UPick_plantcategory (id, name, last_updated) values (7, 'Balsaminaceae', '2023-02-01 14:36:49');
insert into UPick_plantcategory (id, name, last_updated) values (8, 'Fabaceae', '2023-02-23 23:36:42');
insert into UPick_plantcategory (id, name, last_updated) values (9, 'Rosaceae', '2022-06-10 16:18:12');
insert into UPick_plantcategory (id, name, last_updated) values (10, 'Scrophulariaceae', '2022-05-11 13:04:41');
insert into UPick_plantcategory (id, name, last_updated) values (11, 'Euphorbiaceae', '2022-06-06 07:59:46');
insert into UPick_plantcategory (id, name, last_updated) values (12, 'Buxaceae', '2023-04-01 23:48:22');
insert into UPick_plantcategory (id, name, last_updated) values (13, 'Collemataceae', '2023-03-04 05:06:35');
insert into UPick_plantcategory (id, name, last_updated) values (14, 'Scrophulariaceae', '2022-10-27 21:49:48');
insert into UPick_plantcategory (id, name, last_updated) values (15, 'Fumariaceae', '2022-05-20 23:26:32');
insert into UPick_plantcategory (id, name, last_updated) values (16, 'Orchidaceae', '2022-08-29 20:14:35');
insert into UPick_plantcategory (id, name, last_updated) values (17, 'Rhizophoraceae', '2023-03-05 11:48:38');
insert into UPick_plantcategory (id, name, last_updated) values (18, 'Teloschistaceae', '2022-08-06 18:24:33');
insert into UPick_plantcategory (id, name, last_updated) values (19, 'Scrophulariaceae', '2023-02-21 19:41:06');
insert into UPick_plantcategory (id, name, last_updated) values (20, 'Saxifragaceae', '2023-03-03 12:28:39');


-- Plant -- 

insert into UPick_plant (id, title, scientific_name, country_of_origin, last_updated, category_id) values (1, 'Trumpet Evening Primrose', 'Oenothera jamesii Torr. & A. Gray', 'Uzbekistan', '2023-04-13 22:52:53', '5');
insert into UPick_plant (id, title, scientific_name, country_of_origin, last_updated, category_id) values (2, 'Cup Lichen', 'Cladonia dactylota Tuck.', 'France', '2022-10-23 08:00:13', '6');
insert into UPick_plant (id, title, scientific_name, country_of_origin, last_updated, category_id) values (3, 'Garden Mignonette', 'Reseda odorata L.', 'Philippines', '2023-02-08 13:54:44', '13');
insert into UPick_plant (id, title, scientific_name, country_of_origin, last_updated, category_id) values (4, 'False Meadowbeauty', 'Pterolepis glomerata (Rottb.) Miq.', 'Mexico', '2022-12-02 09:44:56', '12');
insert into UPick_plant (id, title, scientific_name, country_of_origin, last_updated, category_id) values (5, 'Hedgemustard', 'Sisymbrium officinale (L.) Scop.', 'Philippines', '2023-04-13 02:37:22', '10');
insert into UPick_plant (id, title, scientific_name, country_of_origin, last_updated, category_id) values (6, 'Melanelia Lichen', 'Melanelia glabroides (Essl.) Essl.', 'Indonesia', '2022-06-30 12:03:12', '16');
insert into UPick_plant (id, title, scientific_name, country_of_origin, last_updated, category_id) values (7, 'Scribble Lichen', 'Opegrapha herbarum Mont.', 'China', '2022-10-21 05:11:51', '3');
insert into UPick_plant (id, title, scientific_name, country_of_origin, last_updated, category_id) values (8, 'Wild Crapemyrtle', 'Malpighia glabra L.', 'Indonesia', '2022-11-01 08:29:15', '11');
insert into UPick_plant (id, title, scientific_name, country_of_origin, last_updated, category_id) values (9, 'Dwarf Alkaligrass', 'Puccinellia pumila (Vasey) Hitchc.', 'Czech Republic', '2022-08-13 13:33:00', '1');
insert into UPick_plant (id, title, scientific_name, country_of_origin, last_updated, category_id) values (10, 'Pappusgrass', 'Pappophorum Schreb.', 'Serbia', '2022-11-14 05:10:42', '15');
insert into UPick_plant (id, title, scientific_name, country_of_origin, last_updated, category_id) values (11, 'Garden Puff', 'Neptunia prostrata (Lam.) Baill.', 'Indonesia', '2023-03-24 11:27:02', '20');
insert into UPick_plant (id, title, scientific_name, country_of_origin, last_updated, category_id) values (12, 'Turtlegrass', 'Thalassia testudinum Banks & Sol. ex Koenig', 'French Polynesia', '2022-08-18 20:14:42', '2');
insert into UPick_plant (id, title, scientific_name, country_of_origin, last_updated, category_id) values (13, 'Cyclamen', 'Cyclamen purpurascens Mill.', 'Indonesia', '2022-11-24 19:02:36', '7');
insert into UPick_plant (id, title, scientific_name, country_of_origin, last_updated, category_id) values (14, 'Lingulate Dung Moss', 'Tayloria lingulata (Dicks.) Lindb.', 'Italy', '2022-06-27 19:07:37', '4');
insert into UPick_plant (id, title, scientific_name, country_of_origin, last_updated, category_id) values (15, 'Sierra Monardella', 'Monardella candicans Benth.', 'Comoros', '2022-12-06 16:40:42', '18');
insert into UPick_plant (id, title, scientific_name, country_of_origin, last_updated, category_id) values (16, 'Prickly Phlox', 'Phlox pungens Dorn', 'China', '2022-12-04 18:59:00', '17');
insert into UPick_plant (id, title, scientific_name, country_of_origin, last_updated, category_id) values (17, 'Caskfruit', 'Doliocarpus major J.F. Gmel.', 'Greece', '2022-09-30 13:43:23', '19');
insert into UPick_plant (id, title, scientific_name, country_of_origin, last_updated, category_id) values (18, 'Variegated-bract Blazingstar', 'Mentzelia montana (Davidson) Davidson', 'Philippines', '2022-11-09 06:59:50', '8');
insert into UPick_plant (id, title, scientific_name, country_of_origin, last_updated, category_id) values (19, 'Crimson Bluestem', 'Schizachyrium sanguineum (Retz.) Alston var. sanguineum', 'Indonesia', '2022-09-25 06:25:34', '9');
insert into UPick_plant (id, title, scientific_name, country_of_origin, last_updated, category_id) values (20, 'Alpine Biscuitroot', 'Lomatium graveolens (S. Watson) Dorn & R.L. Hartm. var. alpinum (S. Watson) Dorn & R.L. Hartm.', 'Sweden', '2022-05-28 00:32:15', '14');
insert into UPick_plant (id, title, scientific_name, country_of_origin, last_updated, category_id) values (21, 'Tweedy''s Cat''s Ear', 'Hypochaeris brasiliensis (Less.) Benth. & Hook. ex Griseb. var. tweediei (Hook. & Arn.) Baker', 'Philippines', '2022-09-06 20:33:12', '15');
insert into UPick_plant (id, title, scientific_name, country_of_origin, last_updated, category_id) values (22, 'Blue Mountain Beardtongue', 'Penstemon pennellianus D.D. Keck', 'Colombia', '2022-09-01 13:20:08', '12');
insert into UPick_plant (id, title, scientific_name, country_of_origin, last_updated, category_id) values (23, 'Nidema', 'Nidema Britton & Millsp.', 'Indonesia', '2023-02-24 02:39:27', '4');
insert into UPick_plant (id, title, scientific_name, country_of_origin, last_updated, category_id) values (24, 'Waianae Range Starviolet', 'Hedyotis degeneri Fosberg var. degeneri', 'Indonesia', '2022-06-15 22:38:07', '17');
insert into UPick_plant (id, title, scientific_name, country_of_origin, last_updated, category_id) values (25, 'Silvergrass', 'Miscanthus Andersson', 'China', '2022-10-04 08:33:07', '9');
insert into UPick_plant (id, title, scientific_name, country_of_origin, last_updated, category_id) values (26, 'Dot Lichen', 'Micarea melaena (Nyl.) Hedl.', 'China', '2022-06-24 06:59:47', '10');
insert into UPick_plant (id, title, scientific_name, country_of_origin, last_updated, category_id) values (27, 'Eggshape Melicope', 'Melicope ovata (H. St. John & Hume) T.G. Hartley & B.C. Stone', 'Cameroon', '2022-07-20 03:46:27', '20');
insert into UPick_plant (id, title, scientific_name, country_of_origin, last_updated, category_id) values (28, 'Tapeworm-plant', 'Eubrachion Hook. f.', 'Thailand', '2023-01-06 14:05:57', '13');
insert into UPick_plant (id, title, scientific_name, country_of_origin, last_updated, category_id) values (29, 'European Seaheath', 'Frankenia pulverulenta L.', 'Democratic Republic of the Congo', '2022-12-18 06:44:42', '6');
insert into UPick_plant (id, title, scientific_name, country_of_origin, last_updated, category_id) values (30, 'Marginal False Spleenwort', 'Deparia marginalis (Hillebr.) M. Kato', 'Philippines', '2022-05-13 17:16:20', '18');
insert into UPick_plant (id, title, scientific_name, country_of_origin, last_updated, category_id) values (31, 'Seaside Brookweed', 'Samolus valerandi L.', 'China', '2022-11-17 02:04:23', '2');
insert into UPick_plant (id, title, scientific_name, country_of_origin, last_updated, category_id) values (32, 'Clam Lichen', 'Normandina Nyl.', 'China', '2022-09-03 07:05:50', '16');
insert into UPick_plant (id, title, scientific_name, country_of_origin, last_updated, category_id) values (33, 'Parodia', 'Parodia Speg.', 'Poland', '2023-02-24 05:03:01', '11');
insert into UPick_plant (id, title, scientific_name, country_of_origin, last_updated, category_id) values (34, 'Pacific Mosquitofern', 'Azolla filiculoides Lam.', 'Republic of the Congo', '2022-09-10 17:25:09', '19');
insert into UPick_plant (id, title, scientific_name, country_of_origin, last_updated, category_id) values (35, 'Sleepingbeauty Waterlily', 'Nymphaea glandulifera Rodschied [excluded]', 'Russia', '2022-08-12 02:33:22', '7');
insert into UPick_plant (id, title, scientific_name, country_of_origin, last_updated, category_id) values (36, 'Narrowpod Sensitive Pea', 'Chamaecrista lineata (Sw.) Greene var. brachyloba (Griseb.) Irwin & Barneby', 'France', '2022-05-23 05:34:17', '8');
insert into UPick_plant (id, title, scientific_name, country_of_origin, last_updated, category_id) values (37, 'Purpleflowering Raspberry', 'Rubus odoratus L. var. odoratus', 'Indonesia', '2022-12-25 00:19:03', '1');
insert into UPick_plant (id, title, scientific_name, country_of_origin, last_updated, category_id) values (38, 'Trypelthelium Lichen', 'Trypethelium virens Tuck. ex Michener', 'Kyrgyzstan', '2023-03-07 22:08:12', '3');
insert into UPick_plant (id, title, scientific_name, country_of_origin, last_updated, category_id) values (39, 'Desert Evening Primrose', 'Oenothera primiveris A. Gray ssp. bufonis (M.E. Jones) Munz', 'Argentina', '2022-05-08 05:19:00', '14');
insert into UPick_plant (id, title, scientific_name, country_of_origin, last_updated, category_id) values (40, 'San Joaquin Bluecurls', 'Trichostema ovatum Curran', 'Venezuela', '2023-03-19 23:56:27', '5');
insert into UPick_plant (id, title, scientific_name, country_of_origin, last_updated, category_id) values (41, 'Shrubby Cinquefoil', 'Dasiphora fruticosa (L.) Rydb. ssp. floribunda (Pursh) Kartesz', 'Czech Republic', '2022-06-28 18:39:33', '19');
insert into UPick_plant (id, title, scientific_name, country_of_origin, last_updated, category_id) values (42, 'Chaparral Silktassel', 'Garrya congdonii Eastw.', 'Sweden', '2022-06-08 06:18:46', '17');
insert into UPick_plant (id, title, scientific_name, country_of_origin, last_updated, category_id) values (43, 'Yellow Passionflower', 'Passiflora lutea L.', 'Indonesia', '2023-04-07 11:48:19', '1');
insert into UPick_plant (id, title, scientific_name, country_of_origin, last_updated, category_id) values (44, 'Small Evening Primrose', 'Camissonia minor (A. Nelson) P.H. Raven', 'China', '2022-08-30 03:04:51', '20');
insert into UPick_plant (id, title, scientific_name, country_of_origin, last_updated, category_id) values (45, 'Sasak''s Snow Lichen', 'Stereocaulon sasakii Zahlbr.', 'Tajikistan', '2022-09-07 04:14:47', '18');
insert into UPick_plant (id, title, scientific_name, country_of_origin, last_updated, category_id) values (46, 'Darkflowered Figwort', 'Scrophularia atrata Pennell', 'Afghanistan', '2023-01-21 03:03:17', '12');
insert into UPick_plant (id, title, scientific_name, country_of_origin, last_updated, category_id) values (47, 'Appendage Orchid', 'Prosthechea Kn. & Westc.', 'China', '2023-03-04 16:18:39', '2');
insert into UPick_plant (id, title, scientific_name, country_of_origin, last_updated, category_id) values (48, 'Skyblue Aster', 'Symphyotrichum oolentangiense (Riddell) G.L. Nesom var. poaceum (Burgess) G.L. Nesom', 'Botswana', '2022-07-15 22:02:02', '10');
insert into UPick_plant (id, title, scientific_name, country_of_origin, last_updated, category_id) values (49, 'Rocky Mountain Phlox', 'Phlox multiflora A. Nelson ssp. depressa (E.E. Nelson) Wherry', 'China', '2022-10-13 04:12:53', '8');
insert into UPick_plant (id, title, scientific_name, country_of_origin, last_updated, category_id) values (50, 'Paper Birch', 'Betula papyrifera Marshall var. papyrifera', 'China', '2023-02-24 21:13:42', '5');
insert into UPick_plant (id, title, scientific_name, country_of_origin, last_updated, category_id) values (51, 'Silver Palm', 'Coccothrinax Sarg.', 'Russia', '2022-10-05 13:46:57', '4');
insert into UPick_plant (id, title, scientific_name, country_of_origin, last_updated, category_id) values (52, 'Fringed Onion', 'Allium fimbriatum S. Watson', 'Grenada', '2023-01-15 06:44:45', '6');
insert into UPick_plant (id, title, scientific_name, country_of_origin, last_updated, category_id) values (53, 'Montane Rockcap Fern', 'Pecluma consimilis (Mett.) M.G. Price', 'Vietnam', '2022-05-22 19:28:12', '11');
insert into UPick_plant (id, title, scientific_name, country_of_origin, last_updated, category_id) values (54, 'Bommeria Fern', 'Bommeria Fourn.', 'Philippines', '2023-01-08 10:26:57', '13');
insert into UPick_plant (id, title, scientific_name, country_of_origin, last_updated, category_id) values (55, 'Shellplant', 'Alpinia zerumbet (Pers.) B.L. Burtt & R.M. Sm.', 'Argentina', '2022-10-11 15:56:30', '7');
insert into UPick_plant (id, title, scientific_name, country_of_origin, last_updated, category_id) values (56, 'Thamnobryum Moss', 'Thamnobryum Nieuwl.', 'China', '2023-02-20 07:46:09', '14');
insert into UPick_plant (id, title, scientific_name, country_of_origin, last_updated, category_id) values (57, 'Whited''s Penstemon', 'Penstemon eriantherus Pursh var. whitedii (Piper) A. Nelson', 'Canada', '2022-07-19 21:39:15', '16');
insert into UPick_plant (id, title, scientific_name, country_of_origin, last_updated, category_id) values (58, 'Giant Milkweed', 'Calotropis gigantea (L.) W.T. Aiton', 'France', '2022-06-14 13:45:02', '15');
insert into UPick_plant (id, title, scientific_name, country_of_origin, last_updated, category_id) values (59, 'Largeleaf Brunnera', 'Brunnera macrophylla (J.F. Adams) I.M. Johnst.', 'China', '2023-03-15 15:46:38', '3');
insert into UPick_plant (id, title, scientific_name, country_of_origin, last_updated, category_id) values (60, 'Phylliscum Lichen', 'Phylliscum Nyl.', 'Brazil', '2022-06-18 15:16:56', '9');
insert into UPick_plant (id, title, scientific_name, country_of_origin, last_updated, category_id) values (61, 'Longbranch Frostweed', 'Helianthemum canadense (L.) Michx.', 'Sweden', '2022-08-20 18:48:15', '4');
insert into UPick_plant (id, title, scientific_name, country_of_origin, last_updated, category_id) values (62, 'Fiveangled Dodder', 'Cuscuta pentagona Engelm. var. pentagona', 'Myanmar', '2022-07-10 10:59:52', '12');
insert into UPick_plant (id, title, scientific_name, country_of_origin, last_updated, category_id) values (63, 'New Mexico Rush', 'Juncus interior Wiegand var. neomexicanus (Wiegand) F.J. Herm.', 'France', '2023-02-08 02:13:44', '2');
insert into UPick_plant (id, title, scientific_name, country_of_origin, last_updated, category_id) values (64, 'Thicket Wild Coffee', 'Psychotria microdon (DC.) Urb.', 'Japan', '2022-12-16 17:26:37', '18');
insert into UPick_plant (id, title, scientific_name, country_of_origin, last_updated, category_id) values (65, 'Rockcress', 'Arabidopsis arenosa (L.) Lawalrée', 'Peru', '2022-05-28 08:09:24', '10');
insert into UPick_plant (id, title, scientific_name, country_of_origin, last_updated, category_id) values (66, 'Slender Bog Orchid', 'Platanthera stricta Lindl.', 'China', '2022-10-01 08:09:10', '6');
insert into UPick_plant (id, title, scientific_name, country_of_origin, last_updated, category_id) values (67, 'Willow Creek Dock', 'Rumex tomentellus Rech. f.', 'Philippines', '2022-08-12 09:10:46', '7');
insert into UPick_plant (id, title, scientific_name, country_of_origin, last_updated, category_id) values (68, 'Lyell''s Orthotrichum Moss', 'Orthotrichum lyellii Hook. & Taylor', 'Sweden', '2023-04-07 08:50:12', '9');
insert into UPick_plant (id, title, scientific_name, country_of_origin, last_updated, category_id) values (69, 'Thunberg''s Meadowsweet', 'Spiraea thunbergii Siebold ex Blume', 'China', '2022-07-06 07:51:02', '5');
insert into UPick_plant (id, title, scientific_name, country_of_origin, last_updated, category_id) values (70, 'Purple-petal Bog Orchid', 'Platanthera purpurascens (Rydb.) Sheviak & Jennings', 'Indonesia', '2022-08-30 20:44:54', '13');
insert into UPick_plant (id, title, scientific_name, country_of_origin, last_updated, category_id) values (71, 'Panicledleaf Ticktrefoil', 'Desmodium paniculatum (L.) DC. var. paniculatum', 'Thailand', '2023-01-26 04:38:52', '20');
insert into UPick_plant (id, title, scientific_name, country_of_origin, last_updated, category_id) values (72, 'London Rocket', 'Sisymbrium irio L.', 'Gambia', '2022-07-27 22:58:29', '3');
insert into UPick_plant (id, title, scientific_name, country_of_origin, last_updated, category_id) values (73, 'Licania', 'Licania Aubl.', 'China', '2023-04-08 13:53:29', '14');
insert into UPick_plant (id, title, scientific_name, country_of_origin, last_updated, category_id) values (74, 'Fragile Filmy Fern', 'Hymenophyllum fragile (Hedw.) Morton', 'Nigeria', '2022-12-23 16:29:58', '15');
insert into UPick_plant (id, title, scientific_name, country_of_origin, last_updated, category_id) values (75, 'Sweet Birch', 'Betula lenta L.', 'Philippines', '2023-02-20 15:02:52', '19');
insert into UPick_plant (id, title, scientific_name, country_of_origin, last_updated, category_id) values (76, 'Chilean Firebush', 'Embothrium coccineum J.R. Forst. & G. Forst.', 'Indonesia', '2023-04-19 00:11:34', '16');
insert into UPick_plant (id, title, scientific_name, country_of_origin, last_updated, category_id) values (77, 'Alkali Pepperwort', 'Lepidium dictyotum A. Gray var. acutidens A. Gray', 'Indonesia', '2022-09-04 09:19:00', '17');

-- Address -- 

insert into UPick_address (id, street, city, state, country, zip_code, lat, `long`, farm_id) values (1, '773 Mesta Trail', 'Springfield', 'MA', 'United States', '01152', 42.1707, -72.6048, '28');
insert into UPick_address (id, street, city, state, country, zip_code, lat, `long`, farm_id) values (2, '13520 Schiller Terrace', 'Minneapolis', 'MN', 'United States', '55428', 45.0632, -93.3811, '23');
insert into UPick_address (id, street, city, state, country, zip_code, lat, `long`, farm_id) values (3, '2923 Hansons Center', 'Cleveland', 'OH', 'United States', '44177', 41.6857, -81.6728, '6');
insert into UPick_address (id, street, city, state, country, zip_code, lat, `long`, farm_id) values (4, '182 Debra Lane', 'Atlanta', 'GA', 'United States', '30368', 33.8444, -84.474, '38');
insert into UPick_address (id, street, city, state, country, zip_code, lat, `long`, farm_id) values (5, '041 Bartelt Place', 'Ann Arbor', 'MI', 'United States', '48107', 42.2535, -83.8366, '31');
insert into UPick_address (id, street, city, state, country, zip_code, lat, `long`, farm_id) values (6, '59844 Tony Crossing', 'Jacksonville', 'FL', 'United States', '32209', 30.3584, -81.692, '17');
insert into UPick_address (id, street, city, state, country, zip_code, lat, `long`, farm_id) values (7, '9 Barby Street', 'Albany', 'NY', 'United States', '12232', 42.6149, -73.9708, '26');
insert into UPick_address (id, street, city, state, country, zip_code, lat, `long`, farm_id) values (8, '97 Holmberg Center', 'Sunnyvale', 'CA', 'United States', '94089', 37.3983, -122.0006, '34');
insert into UPick_address (id, street, city, state, country, zip_code, lat, `long`, farm_id) values (9, '259 Prentice Road', 'Fort Myers', 'FL', 'United States', '33906', 26.5529, -81.9486, '24');
insert into UPick_address (id, street, city, state, country, zip_code, lat, `long`, farm_id) values (10, '640 Caliangt Park', 'Charlotte', 'NC', 'United States', '28247', 35.0656, -80.8511, '15');
insert into UPick_address (id, street, city, state, country, zip_code, lat, `long`, farm_id) values (11, '82 4th Lane', 'Beaverton', 'OR', 'United States', '97075', 45.5486, -123.1147, '41');
insert into UPick_address (id, street, city, state, country, zip_code, lat, `long`, farm_id) values (12, '7 Grayhawk Circle', 'San Jose', 'CA', 'United States', '95155', 37.31, -121.9011, '33');
insert into UPick_address (id, street, city, state, country, zip_code, lat, `long`, farm_id) values (13, '0994 Southridge Point', 'Fairfield', 'CT', 'United States', '06825', 41.1928, -73.2402, '14');
insert into UPick_address (id, street, city, state, country, zip_code, lat, `long`, farm_id) values (14, '24 Old Gate Terrace', 'Kansas City', 'MO', 'United States', '64149', 38.8606, -94.4636, '5');
insert into UPick_address (id, street, city, state, country, zip_code, lat, `long`, farm_id) values (15, '06 Messerschmidt Road', 'New York City', 'NY', 'United States', '10079', 40.7808, -73.9772, '29');
insert into UPick_address (id, street, city, state, country, zip_code, lat, `long`, farm_id) values (16, '54107 Dexter Park', 'Fort Worth', 'TX', 'United States', '76192', 32.7714, -97.2915, '16');
insert into UPick_address (id, street, city, state, country, zip_code, lat, `long`, farm_id) values (17, '9954 Tennessee Park', 'Tempe', 'AZ', 'United States', '85284', 33.3363, -111.9197, '20');
insert into UPick_address (id, street, city, state, country, zip_code, lat, `long`, farm_id) values (18, '2898 Carey Point', 'El Paso', 'TX', 'United States', '88525', 31.6948, -106.3, '44');
insert into UPick_address (id, street, city, state, country, zip_code, lat, `long`, farm_id) values (19, '2973 Lake View Pass', 'Seattle', 'WA', 'United States', '98158', 47.4497, -122.3076, '37');
insert into UPick_address (id, street, city, state, country, zip_code, lat, `long`, farm_id) values (20, '256 Straubel Street', 'Santa Cruz', 'CA', 'United States', '95064', 36.9959, -122.0578, '40');
insert into UPick_address (id, street, city, state, country, zip_code, lat, `long`, farm_id) values (21, '2 Daystar Park', 'Saint Louis', 'MO', 'United States', '63143', 38.6111, -90.3225, '1');
insert into UPick_address (id, street, city, state, country, zip_code, lat, `long`, farm_id) values (22, '48254 Troy Street', 'Richmond', 'VA', 'United States', '23293', 37.5242, -77.4932, '11');
insert into UPick_address (id, street, city, state, country, zip_code, lat, `long`, farm_id) values (23, '1 Forest Dale Junction', 'Bridgeport', 'CT', 'United States', '06606', 41.2091, -73.2086, '2');
insert into UPick_address (id, street, city, state, country, zip_code, lat, `long`, farm_id) values (24, '199 Loeprich Park', 'Columbus', 'OH', 'United States', '43220', 40.0495, -83.0669, '10');
insert into UPick_address (id, street, city, state, country, zip_code, lat, `long`, farm_id) values (25, '04 Lighthouse Bay Alley', 'El Paso', 'TX', 'United States', '79977', 31.6948, -106.3, '19');
insert into UPick_address (id, street, city, state, country, zip_code, lat, `long`, farm_id) values (26, '7494 Pepper Wood Alley', 'San Francisco', 'CA', 'United States', '94132', 37.7211, -122.4754, '32');
insert into UPick_address (id, street, city, state, country, zip_code, lat, `long`, farm_id) values (27, '3342 Brown Way', 'Sacramento', 'CA', 'United States', '95894', 38.5816, -121.4933, '27');
insert into UPick_address (id, street, city, state, country, zip_code, lat, `long`, farm_id) values (28, '41 Scoville Lane', 'Jacksonville', 'FL', 'United States', '32220', 30.329, -81.8176, '42');
insert into UPick_address (id, street, city, state, country, zip_code, lat, `long`, farm_id) values (29, '285 Onsgard Pass', 'New York City', 'NY', 'United States', '10175', 40.7543, -73.9798, '39');
insert into UPick_address (id, street, city, state, country, zip_code, lat, `long`, farm_id) values (30, '59981 Surrey Avenue', 'Dayton', 'OH', 'United States', '45454', 39.7505, -84.2686, '22');
insert into UPick_address (id, street, city, state, country, zip_code, lat, `long`, farm_id) values (31, '73 Harbort Crossing', 'Escondido', 'CA', 'United States', '92030', 33.0169, -116.846, '8');
insert into UPick_address (id, street, city, state, country, zip_code, lat, `long`, farm_id) values (32, '4101 Canary Lane', 'Lubbock', 'TX', 'United States', '79452', 33.61, -101.8213, '9');
insert into UPick_address (id, street, city, state, country, zip_code, lat, `long`, farm_id) values (33, '65 Texas Pass', 'Seattle', 'WA', 'United States', '98133', 47.7377, -122.3431, '30');
insert into UPick_address (id, street, city, state, country, zip_code, lat, `long`, farm_id) values (34, '21055 Di Loreto Road', 'Saint Petersburg', 'FL', 'United States', '33710', 27.7898, -82.7243, '36');
insert into UPick_address (id, street, city, state, country, zip_code, lat, `long`, farm_id) values (35, '2294 Ramsey Drive', 'New York City', 'NY', 'United States', '10292', 40.7808, -73.9772, '13');
insert into UPick_address (id, street, city, state, country, zip_code, lat, `long`, farm_id) values (36, '49 Monument Court', 'Santa Barbara', 'CA', 'United States', '93150', 34.2628, -119.8486, '21');
insert into UPick_address (id, street, city, state, country, zip_code, lat, `long`, farm_id) values (37, '50 Farwell Avenue', 'San Diego', 'CA', 'United States', '92170', 33.0169, -116.846, '18');
insert into UPick_address (id, street, city, state, country, zip_code, lat, `long`, farm_id) values (38, '745 Kropf Junction', 'Cincinnati', 'OH', 'United States', '45249', 39.2692, -84.3307, '3');
insert into UPick_address (id, street, city, state, country, zip_code, lat, `long`, farm_id) values (39, '5223 Sugar Junction', 'Springfield', 'IL', 'United States', '62718', 39.778, -89.6466, '4');
insert into UPick_address (id, street, city, state, country, zip_code, lat, `long`, farm_id) values (40, '6857 Columbus Parkway', 'Fort Worth', 'TX', 'United States', '76192', 32.7714, -97.2915, '43');
insert into UPick_address (id, street, city, state, country, zip_code, lat, `long`, farm_id) values (41, '179 Ilene Pass', 'Bradenton', 'FL', 'United States', '34210', 27.4544, -82.6358, '35');
insert into UPick_address (id, street, city, state, country, zip_code, lat, `long`, farm_id) values (42, '15143 Maywood Crossing', 'Los Angeles', 'CA', 'United States', '90045', 33.9631, -118.3941, '7');
insert into UPick_address (id, street, city, state, country, zip_code, lat, `long`, farm_id) values (43, '614 Ramsey Pass', 'Virginia Beach', 'VA', 'United States', '23459', 36.9216, -76.0171, '12');
insert into UPick_address (id, street, city, state, country, zip_code, lat, `long`, farm_id) values (44, '88596 West Alley', 'Portland', 'OR', 'United States', '97206', 45.484, -122.5973, '25');

-- Working Hours -- 
insert into UPick_workinghour (id, day, opening_time, closing_time, farm_id) values (1, 'mon', '7:51:05.000', '14:18:04.000', '1');
insert into UPick_workinghour (id, day, opening_time, closing_time, farm_id) values (2, 'mon', '6:34:01.000', '15:46:24.000', '2');
insert into UPick_workinghour (id, day, opening_time, closing_time, farm_id) values (3, 'mon', '6:38:55.000', '16:54:04.000', '3');
insert into UPick_workinghour (id, day, opening_time, closing_time, farm_id) values (4, 'mon', '7:07:58.000', '14:39:26.000', '4');
insert into UPick_workinghour (id, day, opening_time, closing_time, farm_id) values (5, 'mon', '6:49:51.000', '17:45:21.000', '5');
insert into UPick_workinghour (id, day, opening_time, closing_time, farm_id) values (6, 'mon', '6:51:49.000', '15:26:59.000', '6');
insert into UPick_workinghour (id, day, opening_time, closing_time, farm_id) values (7, 'mon', '7:41:22.000', '14:24:33.000', '7');
insert into UPick_workinghour (id, day, opening_time, closing_time, farm_id) values (8, 'mon', '7:48:08.000', '17:10:31.000', '8');
insert into UPick_workinghour (id, day, opening_time, closing_time, farm_id) values (9, 'mon', '6:27:24.000', '14:46:01.000', '9');
insert into UPick_workinghour (id, day, opening_time, closing_time, farm_id) values (10, 'mon', '7:54:37.000', '14:30:04.000', '10');
insert into UPick_workinghour (id, day, opening_time, closing_time, farm_id) values (11, 'mon', '6:42:05.000', '15:45:19.000', '11');
insert into UPick_workinghour (id, day, opening_time, closing_time, farm_id) values (12, 'mon', '7:44:53.000', '16:55:18.000', '12');
insert into UPick_workinghour (id, day, opening_time, closing_time, farm_id) values (13, 'mon', '6:49:57.000', '15:04:34.000', '13');
insert into UPick_workinghour (id, day, opening_time, closing_time, farm_id) values (14, 'mon', '6:04:07.000', '16:58:02.000', '14');
insert into UPick_workinghour (id, day, opening_time, closing_time, farm_id) values (15, 'mon', '7:18:45.000', '16:19:30.000', '15');
insert into UPick_workinghour (id, day, opening_time, closing_time, farm_id) values (16, 'mon', '6:50:42.000', '17:51:05.000', '16');
insert into UPick_workinghour (id, day, opening_time, closing_time, farm_id) values (17, 'mon', '7:22:12.000', '14:07:33.000', '17');
insert into UPick_workinghour (id, day, opening_time, closing_time, farm_id) values (18, 'mon', '7:22:57.000', '14:03:03.000', '18');
insert into UPick_workinghour (id, day, opening_time, closing_time, farm_id) values (19, 'mon', '7:02:50.000', '16:02:21.000', '19');
insert into UPick_workinghour (id, day, opening_time, closing_time, farm_id) values (20, 'mon', '6:35:02.000', '15:30:38.000', '20');
insert into UPick_workinghour (id, day, opening_time, closing_time, farm_id) values (21, 'mon', '6:07:55.000', '16:29:02.000', '21');
insert into UPick_workinghour (id, day, opening_time, closing_time, farm_id) values (22, 'mon', '6:34:53.000', '17:01:17.000', '22');
insert into UPick_workinghour (id, day, opening_time, closing_time, farm_id) values (23, 'mon', '7:05:01.000', '16:28:13.000', '23');
insert into UPick_workinghour (id, day, opening_time, closing_time, farm_id) values (24, 'mon', '6:45:35.000', '16:28:41.000', '24');
insert into UPick_workinghour (id, day, opening_time, closing_time, farm_id) values (25, 'mon', '7:55:00.000', '14:13:38.000', '25');
insert into UPick_workinghour (id, day, opening_time, closing_time, farm_id) values (26, 'mon', '7:17:55.000', '17:46:58.000', '26');
insert into UPick_workinghour (id, day, opening_time, closing_time, farm_id) values (27, 'mon', '7:44:42.000', '17:37:03.000', '27');
insert into UPick_workinghour (id, day, opening_time, closing_time, farm_id) values (28, 'mon', '7:42:15.000', '14:10:27.000', '28');
insert into UPick_workinghour (id, day, opening_time, closing_time, farm_id) values (29, 'mon', '6:37:42.000', '16:52:06.000', '29');
insert into UPick_workinghour (id, day, opening_time, closing_time, farm_id) values (30, 'mon', '7:38:15.000', '17:25:25.000', '30');
insert into UPick_workinghour (id, day, opening_time, closing_time, farm_id) values (31, 'mon', '6:56:36.000', '15:00:25.000', '31');
insert into UPick_workinghour (id, day, opening_time, closing_time, farm_id) values (32, 'mon', '7:25:44.000', '17:24:24.000', '32');
insert into UPick_workinghour (id, day, opening_time, closing_time, farm_id) values (33, 'mon', '7:41:33.000', '15:01:00.000', '33');
insert into UPick_workinghour (id, day, opening_time, closing_time, farm_id) values (34, 'mon', '7:26:36.000', '15:19:48.000', '34');
insert into UPick_workinghour (id, day, opening_time, closing_time, farm_id) values (35, 'mon', '7:55:21.000', '15:32:09.000', '35');
insert into UPick_workinghour (id, day, opening_time, closing_time, farm_id) values (36, 'mon', '7:51:34.000', '17:32:15.000', '36');
insert into UPick_workinghour (id, day, opening_time, closing_time, farm_id) values (37, 'mon', '7:01:53.000', '17:53:01.000', '37');
insert into UPick_workinghour (id, day, opening_time, closing_time, farm_id) values (38, 'mon', '7:26:11.000', '15:53:28.000', '38');
insert into UPick_workinghour (id, day, opening_time, closing_time, farm_id) values (39, 'mon', '7:35:26.000', '14:18:49.000', '39');
insert into UPick_workinghour (id, day, opening_time, closing_time, farm_id) values (40, 'mon', '6:33:35.000', '17:07:15.000', '40');
insert into UPick_workinghour (id, day, opening_time, closing_time, farm_id) values (41, 'mon', '6:09:41.000', '14:25:41.000', '41');
insert into UPick_workinghour (id, day, opening_time, closing_time, farm_id) values (42, 'mon', '6:33:15.000', '17:54:43.000', '42');
insert into UPick_workinghour (id, day, opening_time, closing_time, farm_id) values (43, 'mon', '7:24:41.000', '17:12:53.000', '43');
insert into UPick_workinghour (id, day, opening_time, closing_time, farm_id) values (44, 'mon', '7:56:22.000', '15:02:07.000', '44');
insert into UPick_workinghour (id, day, opening_time, closing_time, farm_id) values (45, 'tue', '7:10:52.000', '16:04:07.000', '1');
insert into UPick_workinghour (id, day, opening_time, closing_time, farm_id) values (46, 'tue', '6:56:40.000', '15:20:33.000', '2');
insert into UPick_workinghour (id, day, opening_time, closing_time, farm_id) values (47, 'tue', '6:41:13.000', '17:54:20.000', '3');
insert into UPick_workinghour (id, day, opening_time, closing_time, farm_id) values (48, 'tue', '7:26:34.000', '15:01:37.000', '4');
insert into UPick_workinghour (id, day, opening_time, closing_time, farm_id) values (49, 'tue', '6:59:00.000', '14:56:06.000', '5');
insert into UPick_workinghour (id, day, opening_time, closing_time, farm_id) values (50, 'tue', '7:26:09.000', '17:03:35.000', '6');
insert into UPick_workinghour (id, day, opening_time, closing_time, farm_id) values (51, 'tue', '6:32:54.000', '16:43:57.000', '7');
insert into UPick_workinghour (id, day, opening_time, closing_time, farm_id) values (52, 'tue', '6:57:50.000', '14:03:22.000', '8');
insert into UPick_workinghour (id, day, opening_time, closing_time, farm_id) values (53, 'tue', '6:17:45.000', '15:32:55.000', '9');
insert into UPick_workinghour (id, day, opening_time, closing_time, farm_id) values (54, 'tue', '7:28:06.000', '14:51:01.000', '10');
insert into UPick_workinghour (id, day, opening_time, closing_time, farm_id) values (55, 'tue', '7:00:50.000', '17:53:40.000', '11');
insert into UPick_workinghour (id, day, opening_time, closing_time, farm_id) values (56, 'tue', '6:08:57.000', '16:29:52.000', '12');
insert into UPick_workinghour (id, day, opening_time, closing_time, farm_id) values (57, 'tue', '7:56:53.000', '14:43:10.000', '13');
insert into UPick_workinghour (id, day, opening_time, closing_time, farm_id) values (58, 'tue', '6:35:22.000', '16:41:23.000', '14');
insert into UPick_workinghour (id, day, opening_time, closing_time, farm_id) values (59, 'tue', '7:30:34.000', '16:03:12.000', '15');
insert into UPick_workinghour (id, day, opening_time, closing_time, farm_id) values (60, 'tue', '7:18:53.000', '16:55:21.000', '16');
insert into UPick_workinghour (id, day, opening_time, closing_time, farm_id) values (61, 'tue', '6:39:42.000', '14:16:12.000', '17');
insert into UPick_workinghour (id, day, opening_time, closing_time, farm_id) values (62, 'tue', '6:16:52.000', '16:23:24.000', '18');
insert into UPick_workinghour (id, day, opening_time, closing_time, farm_id) values (63, 'tue', '7:48:54.000', '14:39:25.000', '19');
insert into UPick_workinghour (id, day, opening_time, closing_time, farm_id) values (64, 'tue', '7:14:33.000', '14:19:03.000', '20');
insert into UPick_workinghour (id, day, opening_time, closing_time, farm_id) values (65, 'tue', '7:38:21.000', '17:42:54.000', '21');
insert into UPick_workinghour (id, day, opening_time, closing_time, farm_id) values (66, 'tue', '7:18:05.000', '15:09:31.000', '22');
insert into UPick_workinghour (id, day, opening_time, closing_time, farm_id) values (67, 'tue', '7:40:41.000', '16:30:40.000', '23');
insert into UPick_workinghour (id, day, opening_time, closing_time, farm_id) values (68, 'tue', '7:19:16.000', '17:07:59.000', '24');
insert into UPick_workinghour (id, day, opening_time, closing_time, farm_id) values (69, 'tue', '7:50:00.000', '17:51:26.000', '25');
insert into UPick_workinghour (id, day, opening_time, closing_time, farm_id) values (70, 'tue', '7:24:35.000', '14:34:25.000', '26');
insert into UPick_workinghour (id, day, opening_time, closing_time, farm_id) values (71, 'tue', '7:40:10.000', '14:10:30.000', '27');
insert into UPick_workinghour (id, day, opening_time, closing_time, farm_id) values (72, 'tue', '6:56:33.000', '14:05:37.000', '28');
insert into UPick_workinghour (id, day, opening_time, closing_time, farm_id) values (73, 'tue', '6:10:05.000', '15:57:00.000', '29');
insert into UPick_workinghour (id, day, opening_time, closing_time, farm_id) values (74, 'tue', '7:55:50.000', '15:17:18.000', '30');
insert into UPick_workinghour (id, day, opening_time, closing_time, farm_id) values (75, 'tue', '6:13:10.000', '16:43:03.000', '31');
insert into UPick_workinghour (id, day, opening_time, closing_time, farm_id) values (76, 'tue', '6:08:55.000', '17:54:39.000', '32');
insert into UPick_workinghour (id, day, opening_time, closing_time, farm_id) values (77, 'tue', '6:51:52.000', '14:48:16.000', '33');
insert into UPick_workinghour (id, day, opening_time, closing_time, farm_id) values (78, 'tue', '6:20:24.000', '14:31:17.000', '34');
insert into UPick_workinghour (id, day, opening_time, closing_time, farm_id) values (79, 'tue', '6:21:54.000', '17:00:19.000', '35');
insert into UPick_workinghour (id, day, opening_time, closing_time, farm_id) values (80, 'tue', '7:19:29.000', '14:38:18.000', '36');
insert into UPick_workinghour (id, day, opening_time, closing_time, farm_id) values (81, 'tue', '6:06:10.000', '15:36:04.000', '37');
insert into UPick_workinghour (id, day, opening_time, closing_time, farm_id) values (82, 'tue', '7:58:53.000', '17:38:30.000', '38');
insert into UPick_workinghour (id, day, opening_time, closing_time, farm_id) values (83, 'tue', '7:43:08.000', '14:25:03.000', '39');
insert into UPick_workinghour (id, day, opening_time, closing_time, farm_id) values (84, 'tue', '7:52:58.000', '17:43:52.000', '40');
insert into UPick_workinghour (id, day, opening_time, closing_time, farm_id) values (85, 'tue', '6:59:49.000', '14:17:32.000', '41');
insert into UPick_workinghour (id, day, opening_time, closing_time, farm_id) values (86, 'tue', '7:45:20.000', '17:32:29.000', '42');
insert into UPick_workinghour (id, day, opening_time, closing_time, farm_id) values (87, 'tue', '7:46:09.000', '15:02:31.000', '43');
insert into UPick_workinghour (id, day, opening_time, closing_time, farm_id) values (88, 'tue', '7:02:38.000', '17:13:43.000', '44');
insert into UPick_workinghour (id, day, opening_time, closing_time, farm_id) values (89, 'wed', '7:52:22.000', '15:15:08.000', '1');
insert into UPick_workinghour (id, day, opening_time, closing_time, farm_id) values (90, 'wed', '7:40:11.000', '16:50:36.000', '2');
insert into UPick_workinghour (id, day, opening_time, closing_time, farm_id) values (91, 'wed', '6:35:48.000', '17:01:41.000', '3');
insert into UPick_workinghour (id, day, opening_time, closing_time, farm_id) values (92, 'wed', '6:48:45.000', '15:38:41.000', '4');
insert into UPick_workinghour (id, day, opening_time, closing_time, farm_id) values (93, 'wed', '7:32:54.000', '16:39:06.000', '5');
insert into UPick_workinghour (id, day, opening_time, closing_time, farm_id) values (94, 'wed', '6:44:53.000', '14:53:36.000', '6');
insert into UPick_workinghour (id, day, opening_time, closing_time, farm_id) values (95, 'wed', '6:04:17.000', '15:15:05.000', '7');
insert into UPick_workinghour (id, day, opening_time, closing_time, farm_id) values (96, 'wed', '6:09:19.000', '17:16:27.000', '8');
insert into UPick_workinghour (id, day, opening_time, closing_time, farm_id) values (97, 'wed', '7:54:20.000', '17:18:19.000', '9');
insert into UPick_workinghour (id, day, opening_time, closing_time, farm_id) values (98, 'wed', '7:19:28.000', '15:02:53.000', '10');
insert into UPick_workinghour (id, day, opening_time, closing_time, farm_id) values (99, 'wed', '6:49:06.000', '17:06:38.000', '11');
insert into UPick_workinghour (id, day, opening_time, closing_time, farm_id) values (100, 'wed', '6:14:32.000', '14:12:01.000', '12');
insert into UPick_workinghour (id, day, opening_time, closing_time, farm_id) values (101, 'wed', '6:04:03.000', '16:02:46.000', '13');
insert into UPick_workinghour (id, day, opening_time, closing_time, farm_id) values (102, 'wed', '7:51:02.000', '16:02:04.000', '14');
insert into UPick_workinghour (id, day, opening_time, closing_time, farm_id) values (103, 'wed', '7:19:14.000', '16:45:51.000', '15');
insert into UPick_workinghour (id, day, opening_time, closing_time, farm_id) values (104, 'wed', '6:20:50.000', '16:59:49.000', '16');
insert into UPick_workinghour (id, day, opening_time, closing_time, farm_id) values (105, 'wed', '7:36:50.000', '16:41:48.000', '17');
insert into UPick_workinghour (id, day, opening_time, closing_time, farm_id) values (106, 'wed', '7:10:43.000', '16:02:48.000', '18');
insert into UPick_workinghour (id, day, opening_time, closing_time, farm_id) values (107, 'wed', '7:37:30.000', '16:45:22.000', '19');
insert into UPick_workinghour (id, day, opening_time, closing_time, farm_id) values (108, 'wed', '7:12:15.000', '15:41:37.000', '20');
insert into UPick_workinghour (id, day, opening_time, closing_time, farm_id) values (109, 'wed', '6:10:58.000', '17:32:12.000', '21');
insert into UPick_workinghour (id, day, opening_time, closing_time, farm_id) values (110, 'wed', '7:25:39.000', '15:18:36.000', '22');
insert into UPick_workinghour (id, day, opening_time, closing_time, farm_id) values (111, 'wed', '6:59:13.000', '17:16:46.000', '23');
insert into UPick_workinghour (id, day, opening_time, closing_time, farm_id) values (112, 'wed', '6:33:51.000', '14:37:15.000', '24');
insert into UPick_workinghour (id, day, opening_time, closing_time, farm_id) values (113, 'wed', '6:03:21.000', '17:09:41.000', '25');
insert into UPick_workinghour (id, day, opening_time, closing_time, farm_id) values (114, 'wed', '7:10:37.000', '14:08:49.000', '26');
insert into UPick_workinghour (id, day, opening_time, closing_time, farm_id) values (115, 'wed', '7:57:59.000', '17:19:52.000', '27');
insert into UPick_workinghour (id, day, opening_time, closing_time, farm_id) values (116, 'wed', '6:52:43.000', '15:23:19.000', '28');
insert into UPick_workinghour (id, day, opening_time, closing_time, farm_id) values (117, 'wed', '7:45:26.000', '14:27:24.000', '29');
insert into UPick_workinghour (id, day, opening_time, closing_time, farm_id) values (118, 'wed', '7:39:33.000', '14:22:36.000', '30');
insert into UPick_workinghour (id, day, opening_time, closing_time, farm_id) values (119, 'wed', '6:27:18.000', '14:13:50.000', '31');
insert into UPick_workinghour (id, day, opening_time, closing_time, farm_id) values (120, 'wed', '6:27:28.000', '14:14:32.000', '32');
insert into UPick_workinghour (id, day, opening_time, closing_time, farm_id) values (121, 'wed', '7:56:39.000', '15:30:11.000', '33');
insert into UPick_workinghour (id, day, opening_time, closing_time, farm_id) values (122, 'wed', '6:42:54.000', '17:30:51.000', '34');
insert into UPick_workinghour (id, day, opening_time, closing_time, farm_id) values (123, 'wed', '7:30:09.000', '16:17:29.000', '35');
insert into UPick_workinghour (id, day, opening_time, closing_time, farm_id) values (124, 'wed', '7:29:26.000', '17:15:05.000', '36');
insert into UPick_workinghour (id, day, opening_time, closing_time, farm_id) values (125, 'wed', '7:36:06.000', '17:24:42.000', '37');
insert into UPick_workinghour (id, day, opening_time, closing_time, farm_id) values (126, 'wed', '7:27:33.000', '16:33:25.000', '38');
insert into UPick_workinghour (id, day, opening_time, closing_time, farm_id) values (127, 'wed', '6:52:03.000', '15:47:00.000', '39');
insert into UPick_workinghour (id, day, opening_time, closing_time, farm_id) values (128, 'wed', '7:14:39.000', '17:14:03.000', '40');
insert into UPick_workinghour (id, day, opening_time, closing_time, farm_id) values (129, 'wed', '6:28:16.000', '16:10:47.000', '41');
insert into UPick_workinghour (id, day, opening_time, closing_time, farm_id) values (130, 'wed', '6:12:01.000', '14:46:47.000', '42');
insert into UPick_workinghour (id, day, opening_time, closing_time, farm_id) values (131, 'wed', '6:11:35.000', '16:32:49.000', '43');
insert into UPick_workinghour (id, day, opening_time, closing_time, farm_id) values (132, 'wed', '7:17:29.000', '16:00:54.000', '44');
insert into UPick_workinghour (id, day, opening_time, closing_time, farm_id) values (133, 'thu', '6:58:20.000', '14:14:04.000', '1');
insert into UPick_workinghour (id, day, opening_time, closing_time, farm_id) values (134, 'thu', '6:19:51.000', '16:33:49.000', '2');
insert into UPick_workinghour (id, day, opening_time, closing_time, farm_id) values (135, 'thu', '6:42:51.000', '15:32:18.000', '3');
insert into UPick_workinghour (id, day, opening_time, closing_time, farm_id) values (136, 'thu', '6:40:28.000', '15:00:12.000', '4');
insert into UPick_workinghour (id, day, opening_time, closing_time, farm_id) values (137, 'thu', '7:38:45.000', '16:34:21.000', '5');
insert into UPick_workinghour (id, day, opening_time, closing_time, farm_id) values (138, 'thu', '6:25:16.000', '15:23:22.000', '6');
insert into UPick_workinghour (id, day, opening_time, closing_time, farm_id) values (139, 'thu', '7:14:50.000', '16:15:58.000', '7');
insert into UPick_workinghour (id, day, opening_time, closing_time, farm_id) values (140, 'thu', '7:46:14.000', '15:49:12.000', '8');
insert into UPick_workinghour (id, day, opening_time, closing_time, farm_id) values (141, 'thu', '7:32:40.000', '16:51:45.000', '9');
insert into UPick_workinghour (id, day, opening_time, closing_time, farm_id) values (142, 'thu', '7:50:40.000', '14:55:55.000', '10');
insert into UPick_workinghour (id, day, opening_time, closing_time, farm_id) values (143, 'thu', '6:32:55.000', '14:58:12.000', '11');
insert into UPick_workinghour (id, day, opening_time, closing_time, farm_id) values (144, 'thu', '6:32:26.000', '14:42:58.000', '12');
insert into UPick_workinghour (id, day, opening_time, closing_time, farm_id) values (145, 'thu', '7:59:42.000', '15:31:07.000', '13');
insert into UPick_workinghour (id, day, opening_time, closing_time, farm_id) values (146, 'thu', '6:37:54.000', '16:09:26.000', '14');
insert into UPick_workinghour (id, day, opening_time, closing_time, farm_id) values (147, 'thu', '6:02:31.000', '15:36:06.000', '15');
insert into UPick_workinghour (id, day, opening_time, closing_time, farm_id) values (148, 'thu', '7:45:18.000', '16:28:14.000', '16');
insert into UPick_workinghour (id, day, opening_time, closing_time, farm_id) values (149, 'thu', '7:16:50.000', '14:18:01.000', '17');
insert into UPick_workinghour (id, day, opening_time, closing_time, farm_id) values (150, 'thu', '7:52:49.000', '14:16:31.000', '18');
insert into UPick_workinghour (id, day, opening_time, closing_time, farm_id) values (151, 'thu', '7:48:15.000', '17:29:21.000', '19');
insert into UPick_workinghour (id, day, opening_time, closing_time, farm_id) values (152, 'thu', '6:41:16.000', '14:06:43.000', '20');
insert into UPick_workinghour (id, day, opening_time, closing_time, farm_id) values (153, 'thu', '7:51:43.000', '17:05:52.000', '21');
insert into UPick_workinghour (id, day, opening_time, closing_time, farm_id) values (154, 'thu', '7:29:25.000', '17:47:12.000', '22');
insert into UPick_workinghour (id, day, opening_time, closing_time, farm_id) values (155, 'thu', '6:38:44.000', '16:30:36.000', '23');
insert into UPick_workinghour (id, day, opening_time, closing_time, farm_id) values (156, 'thu', '6:39:21.000', '17:38:31.000', '24');
insert into UPick_workinghour (id, day, opening_time, closing_time, farm_id) values (157, 'thu', '6:17:43.000', '14:48:35.000', '25');
insert into UPick_workinghour (id, day, opening_time, closing_time, farm_id) values (158, 'thu', '7:14:25.000', '16:08:21.000', '26');
insert into UPick_workinghour (id, day, opening_time, closing_time, farm_id) values (159, 'thu', '6:09:36.000', '15:26:23.000', '27');
insert into UPick_workinghour (id, day, opening_time, closing_time, farm_id) values (160, 'thu', '7:20:32.000', '17:25:01.000', '28');
insert into UPick_workinghour (id, day, opening_time, closing_time, farm_id) values (161, 'thu', '7:13:03.000', '17:15:21.000', '29');
insert into UPick_workinghour (id, day, opening_time, closing_time, farm_id) values (162, 'thu', '7:00:50.000', '17:22:45.000', '30');
insert into UPick_workinghour (id, day, opening_time, closing_time, farm_id) values (163, 'thu', '7:56:40.000', '16:42:18.000', '31');
insert into UPick_workinghour (id, day, opening_time, closing_time, farm_id) values (164, 'thu', '7:36:56.000', '14:29:12.000', '32');
insert into UPick_workinghour (id, day, opening_time, closing_time, farm_id) values (165, 'thu', '6:59:25.000', '16:31:13.000', '33');
insert into UPick_workinghour (id, day, opening_time, closing_time, farm_id) values (166, 'thu', '6:50:46.000', '16:02:15.000', '34');
insert into UPick_workinghour (id, day, opening_time, closing_time, farm_id) values (167, 'thu', '6:27:47.000', '16:24:47.000', '35');
insert into UPick_workinghour (id, day, opening_time, closing_time, farm_id) values (168, 'thu', '7:56:49.000', '17:36:42.000', '36');
insert into UPick_workinghour (id, day, opening_time, closing_time, farm_id) values (169, 'thu', '7:00:36.000', '17:30:13.000', '37');
insert into UPick_workinghour (id, day, opening_time, closing_time, farm_id) values (170, 'thu', '6:56:56.000', '17:08:28.000', '38');
insert into UPick_workinghour (id, day, opening_time, closing_time, farm_id) values (171, 'thu', '6:14:14.000', '14:24:20.000', '39');
insert into UPick_workinghour (id, day, opening_time, closing_time, farm_id) values (172, 'thu', '6:37:43.000', '16:20:58.000', '40');
insert into UPick_workinghour (id, day, opening_time, closing_time, farm_id) values (173, 'thu', '6:51:11.000', '15:18:20.000', '41');
insert into UPick_workinghour (id, day, opening_time, closing_time, farm_id) values (174, 'thu', '6:48:11.000', '16:41:55.000', '42');
insert into UPick_workinghour (id, day, opening_time, closing_time, farm_id) values (175, 'thu', '7:43:51.000', '15:30:50.000', '43');
insert into UPick_workinghour (id, day, opening_time, closing_time, farm_id) values (176, 'thu', '7:56:42.000', '15:49:22.000', '44');
insert into UPick_workinghour (id, day, opening_time, closing_time, farm_id) values (177, 'fri', '7:06:17.000', '14:44:40.000', '1');
insert into UPick_workinghour (id, day, opening_time, closing_time, farm_id) values (178, 'fri', '6:30:18.000', '16:54:28.000', '2');
insert into UPick_workinghour (id, day, opening_time, closing_time, farm_id) values (179, 'fri', '6:55:33.000', '14:30:13.000', '3');
insert into UPick_workinghour (id, day, opening_time, closing_time, farm_id) values (180, 'fri', '7:38:21.000', '15:59:29.000', '4');
insert into UPick_workinghour (id, day, opening_time, closing_time, farm_id) values (181, 'fri', '6:34:36.000', '16:04:13.000', '5');
insert into UPick_workinghour (id, day, opening_time, closing_time, farm_id) values (182, 'fri', '7:50:31.000', '16:09:49.000', '6');
insert into UPick_workinghour (id, day, opening_time, closing_time, farm_id) values (183, 'fri', '7:43:24.000', '15:26:46.000', '7');
insert into UPick_workinghour (id, day, opening_time, closing_time, farm_id) values (184, 'fri', '7:03:22.000', '14:34:07.000', '8');
insert into UPick_workinghour (id, day, opening_time, closing_time, farm_id) values (185, 'fri', '7:12:23.000', '14:19:45.000', '9');
insert into UPick_workinghour (id, day, opening_time, closing_time, farm_id) values (186, 'fri', '6:07:53.000', '14:27:10.000', '10');
insert into UPick_workinghour (id, day, opening_time, closing_time, farm_id) values (187, 'fri', '7:47:45.000', '16:37:54.000', '11');
insert into UPick_workinghour (id, day, opening_time, closing_time, farm_id) values (188, 'fri', '6:47:58.000', '15:40:47.000', '12');
insert into UPick_workinghour (id, day, opening_time, closing_time, farm_id) values (189, 'fri', '7:35:37.000', '16:15:51.000', '13');
insert into UPick_workinghour (id, day, opening_time, closing_time, farm_id) values (190, 'fri', '7:18:12.000', '14:44:59.000', '14');
insert into UPick_workinghour (id, day, opening_time, closing_time, farm_id) values (191, 'fri', '6:20:46.000', '14:56:29.000', '15');
insert into UPick_workinghour (id, day, opening_time, closing_time, farm_id) values (192, 'fri', '6:09:03.000', '15:03:57.000', '16');
insert into UPick_workinghour (id, day, opening_time, closing_time, farm_id) values (193, 'fri', '7:12:25.000', '16:06:41.000', '17');
insert into UPick_workinghour (id, day, opening_time, closing_time, farm_id) values (194, 'fri', '7:28:09.000', '16:52:09.000', '18');
insert into UPick_workinghour (id, day, opening_time, closing_time, farm_id) values (195, 'fri', '6:39:41.000', '14:18:21.000', '19');
insert into UPick_workinghour (id, day, opening_time, closing_time, farm_id) values (196, 'fri', '7:42:16.000', '15:04:38.000', '20');
insert into UPick_workinghour (id, day, opening_time, closing_time, farm_id) values (197, 'fri', '6:33:20.000', '17:52:14.000', '21');
insert into UPick_workinghour (id, day, opening_time, closing_time, farm_id) values (198, 'fri', '6:28:44.000', '15:04:01.000', '22');
insert into UPick_workinghour (id, day, opening_time, closing_time, farm_id) values (199, 'fri', '7:30:10.000', '15:36:16.000', '23');
insert into UPick_workinghour (id, day, opening_time, closing_time, farm_id) values (200, 'fri', '6:55:33.000', '16:15:19.000', '24');
insert into UPick_workinghour (id, day, opening_time, closing_time, farm_id) values (201, 'fri', '7:02:34.000', '16:14:24.000', '25');
insert into UPick_workinghour (id, day, opening_time, closing_time, farm_id) values (202, 'fri', '6:41:42.000', '15:57:25.000', '26');
insert into UPick_workinghour (id, day, opening_time, closing_time, farm_id) values (203, 'fri', '7:26:41.000', '14:50:13.000', '27');
insert into UPick_workinghour (id, day, opening_time, closing_time, farm_id) values (204, 'fri', '7:07:34.000', '14:41:33.000', '28');
insert into UPick_workinghour (id, day, opening_time, closing_time, farm_id) values (205, 'fri', '7:35:36.000', '17:03:57.000', '29');
insert into UPick_workinghour (id, day, opening_time, closing_time, farm_id) values (206, 'fri', '6:42:54.000', '16:51:48.000', '30');
insert into UPick_workinghour (id, day, opening_time, closing_time, farm_id) values (207, 'fri', '6:52:29.000', '15:43:59.000', '31');
insert into UPick_workinghour (id, day, opening_time, closing_time, farm_id) values (208, 'fri', '7:30:11.000', '15:42:57.000', '32');
insert into UPick_workinghour (id, day, opening_time, closing_time, farm_id) values (209, 'fri', '6:22:03.000', '14:35:51.000', '33');
insert into UPick_workinghour (id, day, opening_time, closing_time, farm_id) values (210, 'fri', '7:56:35.000', '16:55:06.000', '34');
insert into UPick_workinghour (id, day, opening_time, closing_time, farm_id) values (211, 'fri', '7:26:13.000', '16:32:42.000', '35');
insert into UPick_workinghour (id, day, opening_time, closing_time, farm_id) values (212, 'fri', '6:53:06.000', '15:06:57.000', '36');
insert into UPick_workinghour (id, day, opening_time, closing_time, farm_id) values (213, 'fri', '7:57:00.000', '14:30:49.000', '37');
insert into UPick_workinghour (id, day, opening_time, closing_time, farm_id) values (214, 'fri', '7:34:22.000', '15:56:28.000', '38');
insert into UPick_workinghour (id, day, opening_time, closing_time, farm_id) values (215, 'fri', '7:09:49.000', '14:37:41.000', '39');
insert into UPick_workinghour (id, day, opening_time, closing_time, farm_id) values (216, 'fri', '6:04:19.000', '14:31:02.000', '40');
insert into UPick_workinghour (id, day, opening_time, closing_time, farm_id) values (217, 'fri', '6:21:50.000', '16:06:41.000', '41');
insert into UPick_workinghour (id, day, opening_time, closing_time, farm_id) values (218, 'fri', '7:18:41.000', '17:29:16.000', '42');
insert into UPick_workinghour (id, day, opening_time, closing_time, farm_id) values (219, 'fri', '6:26:17.000', '15:07:48.000', '43');
insert into UPick_workinghour (id, day, opening_time, closing_time, farm_id) values (220, 'fri', '7:36:39.000', '15:37:32.000', '44');
insert into UPick_workinghour (id, day, opening_time, closing_time, farm_id) values (221, 'sat', '7:37:19.000', '16:59:17.000', '1');
insert into UPick_workinghour (id, day, opening_time, closing_time, farm_id) values (222, 'sat', '7:03:42.000', '14:14:41.000', '2');
insert into UPick_workinghour (id, day, opening_time, closing_time, farm_id) values (223, 'sat', '6:16:45.000', '17:41:53.000', '3');
insert into UPick_workinghour (id, day, opening_time, closing_time, farm_id) values (224, 'sat', '7:35:03.000', '17:03:51.000', '4');
insert into UPick_workinghour (id, day, opening_time, closing_time, farm_id) values (225, 'sat', '7:48:53.000', '14:22:33.000', '5');
insert into UPick_workinghour (id, day, opening_time, closing_time, farm_id) values (226, 'sat', '6:12:55.000', '17:40:40.000', '6');
insert into UPick_workinghour (id, day, opening_time, closing_time, farm_id) values (227, 'sat', '7:54:07.000', '16:32:43.000', '7');
insert into UPick_workinghour (id, day, opening_time, closing_time, farm_id) values (228, 'sat', '6:03:06.000', '14:11:48.000', '8');
insert into UPick_workinghour (id, day, opening_time, closing_time, farm_id) values (229, 'sat', '7:38:01.000', '17:28:17.000', '9');
insert into UPick_workinghour (id, day, opening_time, closing_time, farm_id) values (230, 'sat', '6:16:23.000', '17:32:58.000', '10');
insert into UPick_workinghour (id, day, opening_time, closing_time, farm_id) values (231, 'sat', '6:09:55.000', '16:07:48.000', '11');
insert into UPick_workinghour (id, day, opening_time, closing_time, farm_id) values (232, 'sat', '6:25:22.000', '17:55:27.000', '12');
insert into UPick_workinghour (id, day, opening_time, closing_time, farm_id) values (233, 'sat', '6:01:18.000', '14:37:29.000', '13');
insert into UPick_workinghour (id, day, opening_time, closing_time, farm_id) values (234, 'sat', '7:01:27.000', '17:23:47.000', '14');
insert into UPick_workinghour (id, day, opening_time, closing_time, farm_id) values (235, 'sat', '7:19:46.000', '16:16:15.000', '15');
insert into UPick_workinghour (id, day, opening_time, closing_time, farm_id) values (236, 'sat', '7:57:07.000', '15:56:52.000', '16');
insert into UPick_workinghour (id, day, opening_time, closing_time, farm_id) values (237, 'sat', '7:10:02.000', '15:31:29.000', '17');
insert into UPick_workinghour (id, day, opening_time, closing_time, farm_id) values (238, 'sat', '7:10:32.000', '16:55:02.000', '18');
insert into UPick_workinghour (id, day, opening_time, closing_time, farm_id) values (239, 'sat', '6:42:46.000', '15:53:32.000', '19');
insert into UPick_workinghour (id, day, opening_time, closing_time, farm_id) values (240, 'sat', '7:10:30.000', '14:46:23.000', '20');
insert into UPick_workinghour (id, day, opening_time, closing_time, farm_id) values (241, 'sat', '6:41:26.000', '16:03:01.000', '21');
insert into UPick_workinghour (id, day, opening_time, closing_time, farm_id) values (242, 'sat', '6:14:40.000', '15:34:13.000', '22');
insert into UPick_workinghour (id, day, opening_time, closing_time, farm_id) values (243, 'sat', '7:04:09.000', '17:55:04.000', '23');
insert into UPick_workinghour (id, day, opening_time, closing_time, farm_id) values (244, 'sat', '7:30:53.000', '17:22:49.000', '24');
insert into UPick_workinghour (id, day, opening_time, closing_time, farm_id) values (245, 'sat', '6:40:57.000', '15:28:59.000', '25');
insert into UPick_workinghour (id, day, opening_time, closing_time, farm_id) values (246, 'sat', '7:14:38.000', '16:23:22.000', '26');
insert into UPick_workinghour (id, day, opening_time, closing_time, farm_id) values (247, 'sat', '7:02:31.000', '15:51:14.000', '27');
insert into UPick_workinghour (id, day, opening_time, closing_time, farm_id) values (248, 'sat', '7:43:54.000', '17:11:29.000', '28');
insert into UPick_workinghour (id, day, opening_time, closing_time, farm_id) values (249, 'sat', '7:57:02.000', '16:22:12.000', '29');
insert into UPick_workinghour (id, day, opening_time, closing_time, farm_id) values (250, 'sat', '7:07:32.000', '16:46:32.000', '30');
insert into UPick_workinghour (id, day, opening_time, closing_time, farm_id) values (251, 'sat', '6:22:43.000', '15:16:49.000', '31');
insert into UPick_workinghour (id, day, opening_time, closing_time, farm_id) values (252, 'sat', '6:07:23.000', '14:55:47.000', '32');
insert into UPick_workinghour (id, day, opening_time, closing_time, farm_id) values (253, 'sat', '7:23:30.000', '14:21:20.000', '33');
insert into UPick_workinghour (id, day, opening_time, closing_time, farm_id) values (254, 'sat', '6:08:12.000', '15:51:12.000', '34');
insert into UPick_workinghour (id, day, opening_time, closing_time, farm_id) values (255, 'sat', '7:15:25.000', '16:59:45.000', '35');
insert into UPick_workinghour (id, day, opening_time, closing_time, farm_id) values (256, 'sat', '6:37:07.000', '14:55:27.000', '36');
insert into UPick_workinghour (id, day, opening_time, closing_time, farm_id) values (257, 'sat', '7:10:56.000', '15:53:48.000', '37');
insert into UPick_workinghour (id, day, opening_time, closing_time, farm_id) values (258, 'sat', '7:50:21.000', '14:10:09.000', '38');
insert into UPick_workinghour (id, day, opening_time, closing_time, farm_id) values (259, 'sat', '6:57:29.000', '17:47:27.000', '39');
insert into UPick_workinghour (id, day, opening_time, closing_time, farm_id) values (260, 'sat', '6:52:49.000', '17:45:06.000', '40');
insert into UPick_workinghour (id, day, opening_time, closing_time, farm_id) values (261, 'sat', '7:24:13.000', '15:16:04.000', '41');
insert into UPick_workinghour (id, day, opening_time, closing_time, farm_id) values (262, 'sat', '6:28:41.000', '14:08:25.000', '42');
insert into UPick_workinghour (id, day, opening_time, closing_time, farm_id) values (263, 'sat', '6:35:08.000', '16:34:58.000', '43');
insert into UPick_workinghour (id, day, opening_time, closing_time, farm_id) values (264, 'sat', '6:06:56.000', '16:25:39.000', '44');
insert into UPick_workinghour (id, day, opening_time, closing_time, farm_id) values (265, 'sun', '7:47:36.000', '17:16:05.000', '1');
insert into UPick_workinghour (id, day, opening_time, closing_time, farm_id) values (266, 'sun', '6:00:52.000', '15:57:17.000', '2');
insert into UPick_workinghour (id, day, opening_time, closing_time, farm_id) values (267, 'sun', '6:29:21.000', '14:42:30.000', '3');
insert into UPick_workinghour (id, day, opening_time, closing_time, farm_id) values (268, 'sun', '6:19:22.000', '14:02:13.000', '4');
insert into UPick_workinghour (id, day, opening_time, closing_time, farm_id) values (269, 'sun', '6:44:30.000', '15:52:09.000', '5');
insert into UPick_workinghour (id, day, opening_time, closing_time, farm_id) values (270, 'sun', '7:36:44.000', '14:10:00.000', '6');
insert into UPick_workinghour (id, day, opening_time, closing_time, farm_id) values (271, 'sun', '6:51:01.000', '17:20:55.000', '7');
insert into UPick_workinghour (id, day, opening_time, closing_time, farm_id) values (272, 'sun', '6:41:55.000', '15:23:04.000', '8');
insert into UPick_workinghour (id, day, opening_time, closing_time, farm_id) values (273, 'sun', '7:21:15.000', '16:06:39.000', '9');
insert into UPick_workinghour (id, day, opening_time, closing_time, farm_id) values (274, 'sun', '7:43:15.000', '16:19:51.000', '10');
insert into UPick_workinghour (id, day, opening_time, closing_time, farm_id) values (275, 'sun', '7:26:29.000', '17:35:48.000', '11');
insert into UPick_workinghour (id, day, opening_time, closing_time, farm_id) values (276, 'sun', '7:50:50.000', '14:24:42.000', '12');
insert into UPick_workinghour (id, day, opening_time, closing_time, farm_id) values (277, 'sun', '6:39:41.000', '15:39:29.000', '13');
insert into UPick_workinghour (id, day, opening_time, closing_time, farm_id) values (278, 'sun', '7:00:28.000', '15:10:42.000', '14');
insert into UPick_workinghour (id, day, opening_time, closing_time, farm_id) values (279, 'sun', '7:29:39.000', '16:39:00.000', '15');
insert into UPick_workinghour (id, day, opening_time, closing_time, farm_id) values (280, 'sun', '6:46:56.000', '14:30:38.000', '16');
insert into UPick_workinghour (id, day, opening_time, closing_time, farm_id) values (281, 'sun', '6:22:33.000', '16:38:17.000', '17');
insert into UPick_workinghour (id, day, opening_time, closing_time, farm_id) values (282, 'sun', '7:29:13.000', '15:30:39.000', '18');
insert into UPick_workinghour (id, day, opening_time, closing_time, farm_id) values (283, 'sun', '6:02:12.000', '17:34:02.000', '19');
insert into UPick_workinghour (id, day, opening_time, closing_time, farm_id) values (284, 'sun', '6:11:14.000', '16:29:35.000', '20');
insert into UPick_workinghour (id, day, opening_time, closing_time, farm_id) values (285, 'sun', '7:49:48.000', '14:46:57.000', '21');
insert into UPick_workinghour (id, day, opening_time, closing_time, farm_id) values (286, 'sun', '7:51:33.000', '16:05:51.000', '22');
insert into UPick_workinghour (id, day, opening_time, closing_time, farm_id) values (287, 'sun', '6:26:25.000', '16:43:04.000', '23');
insert into UPick_workinghour (id, day, opening_time, closing_time, farm_id) values (288, 'sun', '8:00:00.000', '16:45:00.000', '24');
insert into UPick_workinghour (id, day, opening_time, closing_time, farm_id) values (289, 'sun', '6:50:28.000', '14:38:20.000', '25');
insert into UPick_workinghour (id, day, opening_time, closing_time, farm_id) values (290, 'sun', '6:27:01.000', '14:56:53.000', '26');
insert into UPick_workinghour (id, day, opening_time, closing_time, farm_id) values (291, 'sun', '7:36:33.000', '16:47:44.000', '27');
insert into UPick_workinghour (id, day, opening_time, closing_time, farm_id) values (292, 'sun', '6:55:43.000', '14:48:08.000', '28');
insert into UPick_workinghour (id, day, opening_time, closing_time, farm_id) values (293, 'sun', '6:12:11.000', '14:56:53.000', '29');
insert into UPick_workinghour (id, day, opening_time, closing_time, farm_id) values (294, 'sun', '6:32:22.000', '16:21:32.000', '30');
insert into UPick_workinghour (id, day, opening_time, closing_time, farm_id) values (295, 'sun', '6:52:36.000', '16:11:42.000', '31');
insert into UPick_workinghour (id, day, opening_time, closing_time, farm_id) values (296, 'sun', '6:18:34.000', '15:40:45.000', '32');
insert into UPick_workinghour (id, day, opening_time, closing_time, farm_id) values (297, 'sun', '6:16:07.000', '17:13:04.000', '33');
insert into UPick_workinghour (id, day, opening_time, closing_time, farm_id) values (298, 'sun', '6:55:28.000', '15:22:13.000', '34');
insert into UPick_workinghour (id, day, opening_time, closing_time, farm_id) values (299, 'sun', '7:58:38.000', '17:31:32.000', '35');
insert into UPick_workinghour (id, day, opening_time, closing_time, farm_id) values (300, 'sun', '6:24:56.000', '16:54:25.000', '36');
insert into UPick_workinghour (id, day, opening_time, closing_time, farm_id) values (301, 'sun', '6:31:35.000', '15:39:27.000', '37');
insert into UPick_workinghour (id, day, opening_time, closing_time, farm_id) values (302, 'sun', '6:30:56.000', '15:57:20.000', '38');
insert into UPick_workinghour (id, day, opening_time, closing_time, farm_id) values (303, 'sun', '6:57:51.000', '14:21:43.000', '39');
insert into UPick_workinghour (id, day, opening_time, closing_time, farm_id) values (304, 'sun', '7:59:43.000', '15:12:02.000', '40');
insert into UPick_workinghour (id, day, opening_time, closing_time, farm_id) values (305, 'sun', '7:27:22.000', '15:34:53.000', '41');
insert into UPick_workinghour (id, day, opening_time, closing_time, farm_id) values (306, 'sun', '6:46:31.000', '14:07:57.000', '42');
insert into UPick_workinghour (id, day, opening_time, closing_time, farm_id) values (307, 'sun', '6:36:15.000', '14:17:20.000', '43');
insert into UPick_workinghour (id, day, opening_time, closing_time, farm_id) values (308, 'sun', '6:10:27.000', '17:34:00.000', '44');